Folder_name,File_name,B1_1,B1_2,B1_3,B1_4,B2_1,B2_2,B2_3,B2_4
Beta_1.80,M300,44,1,1,0,1,0,47,265
Beta_1.80,M301,51,0,0,1,1,0,41,269
Beta_1.80,M302,52,0,0,1,1,0,37,268
Beta_1.80,M303,68,0,0,1,1,0,32,248
Beta_1.80,M304,67,1,0,0,1,0,28,223
Beta_1.80,M305,74,1,0,0,1,0,26,196
Beta_1.80,M306,74,1,0,0,1,0,34,170
Beta_1.80,M307,78,0,1,0,1,0,30,146
Beta_1.80,M308,68,0,1,0,1,0,28,127
Beta_1.80,M309,84,0,1,0,1,8,18,112
Beta_1.80,M310,72,1,0,1,0,11,14,99
Beta_1.80,M311,89,1,0,1,0,11,12,80
Beta_1.80,M312,94,1,0,1,10,1,10,72
Beta_1.80,M313,85,0,1,0,9,0,9,57
Beta_1.80,M314,92,0,1,0,0,0,7,39
Beta_1.80,M315,83,0,1,0,0,0,9,18
Beta_1.80,M316,87,0,0,0,0,0,0,10
Beta_1.80,M317,81,0,0,0,0,0,0,15
Beta_1.80,M318,80,0,0,0,0,0,0,5
Beta_1.80,M319,73,0,0,1,0,0,0,53
Beta_1.80,M320,73,0,0,1,0,0,0,89
Beta_1.80,M321,67,0,0,1,0,0,1,112
Beta_1.80,M322,50,0,1,0,0,0,1,139
Beta_1.80,M323,44,0,1,0,0,0,1,161
Beta_1.80,M324,35,0,1,0,0,1,0,180
Beta_1.80,M325,21,1,0,0,0,1,0,198
Beta_1.80,M326,13,1,0,0,1,0,0,221
Beta_1.80,M327,15,0,0,0,1,0,0,238
Beta_1.80,M328,9,0,0,0,1,0,0,235
Beta_1.80,M329,8,0,0,0,1,0,0,265
Beta_1.80,M330,7,0,0,1,1,0,0,285
Beta_1.80,M331,6,0,0,1,0,0,36,273
Beta_1.80,M332,4,2,1,0,0,0,64,258
Beta_1.80,M333,4,2,1,0,1,0,86,253
Beta_1.80,M334,31,1,1,0,4,15,73,256
Beta_1.80,M335,42,0,2,0,1,1,61,257
Beta_1.80,M336,57,1,1,0,1,0,53,263
Beta_1.80,M337,51,1,1,0,1,0,45,262
Beta_1.80,M338,54,0,0,1,1,0,40,267
Beta_1.80,M339,57,0,0,1,1,0,36,269
Beta_1.80,M340,64,0,0,0,1,0,31,238
Beta_1.80,M341,68,1,0,0,1,0,28,220
Beta_1.80,M342,73,1,0,0,1,0,25,190
Beta_1.80,M343,73,1,0,0,1,0,33,166
Beta_1.80,M344,73,0,1,0,1,0,29,146
Beta_1.80,M345,81,0,1,0,1,0,27,123
Beta_1.80,M346,66,1,1,0,1,10,15,109
Beta_1.80,M347,87,1,0,1,0,11,13,97
Beta_1.80,M348,77,1,0,1,0,11,11,84
Beta_1.80,M349,82,1,0,1,10,1,10,71
Beta_1.80,M350,80,0,1,0,9,0,9,55
Beta_1.80,M351,94,0,1,0,0,0,8,39
Beta_1.80,M352,73,0,1,0,0,0,8,18
Beta_1.80,M353,86,0,0,0,0,0,0,12
Beta_1.80,M354,80,0,0,0,0,0,0,14
Beta_1.80,M355,75,0,0,0,0,0,0,3
Beta_1.80,M356,74,0,0,1,0,0,0,45
Beta_1.80,M357,72,0,0,1,0,0,0,85
Beta_1.80,M358,67,0,0,1,0,0,1,113
Beta_1.80,M359,59,0,1,0,0,0,1,138
Beta_1.80,M360,38,0,1,0,0,0,1,158
Beta_1.80,M361,31,0,1,0,0,1,0,182
Beta_1.80,M362,23,1,0,0,0,1,0,204
Beta_1.80,M363,16,1,0,0,1,0,0,221
Beta_1.80,M364,14,0,0,0,1,0,0,239
Beta_1.80,M365,9,0,0,0,1,0,0,239
Beta_1.80,M366,8,0,0,0,1,0,0,264
Beta_1.80,M367,7,0,0,1,1,0,0,289
Beta_1.80,M368,7,0,0,1,0,0,39,268
Beta_1.80,M369,5,2,1,0,0,0,67,250
Beta_1.80,M370,4,2,1,0,1,0,88,256
Beta_1.80,M371,12,1,1,0,1,11,71,257
Beta_1.80,M372,27,0,2,0,1,1,60,258
Beta_1.80,M373,37,1,1,0,1,0,51,259
Beta_1.80,M374,54,1,1,0,1,0,45,260
Beta_1.80,M375,59,0,0,1,1,0,39,263
Beta_1.80,M376,62,0,0,1,1,0,35,264
Beta_1.80,M377,59,0,0,0,1,0,31,244
Beta_1.80,M378,72,1,0,0,1,0,27,212
Beta_1.80,M379,67,1,0,0,1,0,24,191
Beta_1.80,M380,72,1,0,0,1,0,33,167
Beta_1.80,M381,73,0,1,0,1,0,30,141
Beta_1.80,M382,78,0,1,0,1,0,27,125
Beta_1.80,M383,85,1,1,0,1,10,15,105
Beta_1.80,M384,74,1,0,1,0,11,12,93
Beta_1.80,M385,84,1,0,1,10,1,11,85
Beta_1.80,M386,80,1,0,1,10,1,9,70
Beta_1.80,M387,80,0,1,0,9,0,8,54
Beta_1.80,M388,79,0,1,0,0,0,7,37
Beta_1.80,M389,86,0,1,0,0,0,8,15
Beta_1.80,M390,83,0,0,0,0,0,1,9
Beta_1.80,M391,80,0,0,0,0,0,0,14
Beta_1.80,M392,76,0,0,0,0,0,0,2
Beta_1.80,M393,68,0,0,1,0,0,0,39
Beta_1.80,M394,73,0,0,1,0,0,0,82
Beta_1.80,M395,61,0,0,1,0,0,1,112
Beta_1.80,M396,58,0,1,0,0,0,1,137
Beta_1.80,M397,41,0,1,0,0,0,1,158
Beta_1.80,M398,29,0,1,0,0,1,0,179
Beta_1.80,M399,22,1,0,0,0,1,0,200
Beta_1.80,M400,15,1,0,0,1,0,0,220
Beta_1.80,M401,13,0,0,0,1,0,0,239
Beta_1.80,M402,8,0,0,0,1,0,0,238
Beta_1.80,M403,7,0,0,0,1,0,0,267
Beta_1.80,M404,7,0,0,1,1,0,0,283
Beta_1.80,M405,4,2,0,1,0,0,43,257
Beta_1.80,M406,4,2,1,0,0,0,69,257
Beta_1.80,M407,3,2,1,0,1,0,90,250
Beta_1.80,M408,3,1,1,0,0,9,69,251
Beta_1.80,M409,28,0,2,0,1,0,59,258
Beta_1.80,M410,42,1,1,0,1,0,50,253
Beta_1.80,M411,58,1,1,0,1,0,44,260
Beta_1.80,M412,52,0,0,1,1,0,39,261
Beta_1.80,M413,70,0,0,1,1,0,34,261
Beta_1.80,M414,74,0,0,0,1,0,30,247
Beta_1.80,M415,79,1,0,0,1,0,27,210
Beta_1.80,M416,74,1,0,0,1,0,24,188
Beta_1.80,M417,89,1,0,0,1,0,32,164
Beta_1.80,M418,89,0,1,0,1,0,30,142
Beta_1.80,M419,82,0,1,0,1,0,26,124
Beta_1.80,M420,74,1,1,0,1,10,14,107
Beta_1.80,M421,83,1,0,1,0,11,13,92
Beta_1.80,M422,76,1,0,1,10,1,11,81
Beta_1.80,M423,87,1,0,1,10,1,9,69
Beta_1.80,M424,69,0,1,0,10,0,9,54
Beta_1.80,M425,87,0,1,0,0,0,7,36
Beta_1.80,M426,83,0,1,0,0,0,9,12
Beta_1.80,M427,84,0,0,0,0,0,1,9
Beta_1.80,M428,82,0,0,0,0,0,0,13
Beta_1.80,M429,80,0,0,0,0,0,0,2
Beta_1.80,M430,68,0,0,1,0,0,0,29
Beta_1.80,M431,66,0,0,1,0,0,0,81
Beta_1.80,M432,67,0,0,1,0,0,1,110
Beta_1.80,M433,56,0,1,0,0,0,1,136
Beta_1.80,M434,45,0,1,0,0,0,1,157
Beta_1.80,M435,27,0,1,0,0,1,0,179
Beta_1.80,M436,23,1,0,0,0,1,0,200
Beta_1.80,M437,15,1,0,0,1,0,0,218
Beta_1.80,M438,13,0,0,0,1,0,0,236
Beta_1.80,M439,8,0,0,0,1,0,0,238
Beta_1.80,M440,8,0,0,0,1,0,0,262
Beta_1.80,M441,7,0,0,1,1,0,0,289
Beta_1.80,M442,4,2,0,1,0,0,46,257
Beta_1.80,M443,5,2,1,0,0,0,72,246
Beta_1.80,M444,4,2,1,0,1,0,93,244
Beta_1.80,M445,3,0,2,0,0,6,68,248
Beta_1.80,M446,29,1,1,0,1,0,58,251
Beta_1.80,M447,54,1,1,0,1,0,49,253
Beta_1.80,M448,57,1,1,0,1,0,42,256
Beta_1.80,M449,60,0,0,1,1,0,38,257
Beta_1.80,M450,69,0,0,1,1,0,33,260
Beta_1.80,M451,81,0,0,0,1,0,30,252
Beta_1.80,M452,83,1,0,0,1,0,26,203
Beta_1.80,M453,82,1,0,0,1,0,24,184
Beta_1.80,M454,77,1,0,0,1,0,32,157
Beta_1.80,M455,73,0,1,0,1,0,29,137
Beta_1.80,M456,78,0,1,0,1,0,26,121
Beta_1.80,M457,88,1,1,0,1,10,15,106
Beta_1.80,M458,73,1,0,1,0,11,12,93
Beta_1.80,M459,78,1,0,1,10,1,10,79
Beta_1.80,M460,75,1,0,1,10,1,9,67
Beta_1.80,M461,74,0,1,0,10,0,8,54
Beta_1.80,M462,85,0,1,0,0,0,7,37
Beta_1.80,M463,86,0,1,0,0,0,8,13
Beta_1.80,M464,79,0,0,0,0,0,1,10
Beta_1.80,M465,74,0,0,0,0,0,0,12
Beta_1.80,M466,72,0,0,0,0,0,0,2
Beta_1.80,M467,70,0,0,1,0,0,0,16
Beta_1.80,M468,69,0,0,1,0,0,0,77
Beta_1.80,M469,66,0,0,1,0,0,1,107
Beta_1.80,M470,54,0,1,0,0,0,1,133
Beta_1.80,M471,45,0,1,0,0,0,1,156
Beta_1.80,M472,34,0,1,0,0,1,0,181
Beta_1.80,M473,23,1,0,0,0,1,0,199
Beta_1.80,M474,16,1,0,0,1,0,0,217
Beta_1.80,M475,12,0,0,0,1,0,0,234
Beta_1.80,M476,9,0,0,0,1,0,0,243
Beta_1.80,M477,7,0,0,0,1,0,0,266
Beta_1.80,M478,7,0,0,1,1,0,0,285
Beta_1.80,M479,4,2,0,1,0,0,49,255
Beta_1.80,M480,4,2,1,0,0,0,74,251
Beta_1.80,M481,3,2,1,0,1,0,94,252
Beta_1.80,M482,3,0,2,0,0,5,67,246
Beta_1.80,M483,29,1,1,0,1,0,56,251
Beta_1.80,M484,49,1,1,0,1,0,48,251
Beta_1.80,M485,60,1,1,0,1,0,42,257
Beta_1.80,M486,72,0,0,1,1,0,37,258
Beta_1.80,M487,64,0,0,1,1,0,33,258
Beta_1.80,M488,72,0,0,0,1,0,29,251
Beta_1.80,M489,83,1,0,0,1,0,26,198
Beta_1.80,M490,86,1,0,0,1,0,23,182
Beta_1.80,M491,70,1,0,0,1,0,31,159
Beta_1.80,M492,80,0,1,0,1,0,29,138
Beta_1.80,M493,84,0,1,0,1,0,26,118
Beta_1.80,M494,76,1,1,0,1,10,14,103
Beta_1.80,M495,74,1,0,1,0,11,12,93
Beta_1.80,M496,79,1,0,1,10,1,11,79
Beta_1.80,M497,79,0,1,1,10,1,8,65
Beta_1.80,M498,72,0,1,0,10,1,7,54
Beta_1.80,M499,76,0,1,0,0,0,7,36
Beta_1.80,M500,77,0,1,0,0,0,8,14
Beta_1.80,M501,85,0,0,0,0,0,1,10
Beta_1.80,M502,76,0,0,0,0,0,0,12
Beta_1.80,M503,72,0,0,0,0,0,0,2
Beta_1.80,M504,69,0,0,0,0,0,0,2
Beta_1.80,M505,71,0,0,1,0,0,0,73
Beta_1.80,M506,61,0,0,1,0,0,1,105
Beta_1.80,M507,52,0,1,0,0,0,1,132
Beta_1.80,M508,43,0,1,0,0,0,1,157
Beta_1.80,M509,30,0,1,0,0,1,0,180
Beta_1.80,M510,24,1,0,0,0,1,0,200
Beta_1.80,M511,14,1,0,0,1,0,0,219
Beta_1.80,M512,11,0,0,0,1,0,0,234
Beta_1.80,M513,8,0,0,0,1,0,0,242
Beta_1.80,M514,8,0,0,0,1,0,0,268
Beta_1.80,M515,7,0,0,1,1,0,0,284
Beta_1.80,M516,4,2,0,1,0,0,51,250
Beta_1.80,M517,4,2,1,0,0,0,76,248
Beta_1.80,M518,4,2,1,0,0,0,96,252
Beta_1.80,M519,3,0,2,0,0,2,67,245
Beta_1.80,M520,31,1,1,0,1,0,55,247
Beta_1.80,M521,53,1,1,0,1,0,47,251
Beta_1.80,M522,56,1,1,0,1,0,41,253
Beta_1.80,M523,64,0,0,1,1,0,36,256
Beta_1.80,M524,77,0,0,1,1,0,32,253
Beta_1.80,M525,78,0,0,0,1,0,29,237
Beta_1.80,M526,79,1,0,0,1,0,26,192
Beta_1.80,M527,76,1,0,0,1,0,23,176
Beta_1.80,M528,86,1,0,0,1,0,31,157
Beta_1.80,M529,75,0,1,0,1,0,29,133
Beta_1.80,M530,77,0,1,0,1,0,26,112
Beta_1.80,M531,87,1,1,0,1,10,14,103
Beta_1.80,M532,86,1,0,1,1,10,12,92
Beta_1.80,M533,82,1,0,1,10,1,10,79
Beta_1.80,M534,87,0,1,1,10,1,9,63
Beta_1.80,M535,82,0,1,0,10,1,6,52
Beta_1.80,M536,85,0,1,0,0,0,6,35
Beta_1.80,M537,89,0,1,0,0,0,9,12
Beta_1.80,M538,90,0,0,0,0,0,1,10
Beta_1.80,M539,75,0,0,0,0,0,0,10
Beta_1.80,M540,76,0,0,0,0,0,0,2
Beta_1.80,M541,71,0,0,0,0,0,0,2
Beta_1.80,M542,68,0,0,1,0,0,0,69
Beta_1.80,M543,64,0,0,1,0,0,1,103
Beta_1.80,M544,55,0,1,0,0,0,1,131
Beta_1.80,M545,44,0,1,0,0,0,1,155
Beta_1.80,M546,31,0,1,0,0,1,0,178
Beta_1.80,M547,22,1,0,0,0,1,0,197
Beta_1.80,M548,16,1,0,0,1,0,0,219
Beta_1.80,M549,12,1,0,0,1,0,0,231
Beta_1.80,M550,7,0,0,0,1,0,0,243
Beta_1.80,M551,7,0,0,0,1,0,0,268
Beta_1.80,M552,7,0,0,1,1,0,2,287
Beta_1.80,M553,4,2,0,1,0,0,54,253
Beta_1.80,M554,4,2,1,0,0,0,78,243
Beta_1.80,M555,4,2,1,0,0,0,98,250
Beta_1.80,M556,3,0,2,0,0,2,65,249
Beta_1.80,M557,38,1,1,0,1,0,53,248
Beta_1.80,M558,58,1,1,0,1,0,45,251
Beta_1.80,M559,59,1,0,1,1,0,40,252
Beta_1.80,M560,66,0,0,1,1,0,35,258
Beta_1.80,M561,75,0,0,1,1,0,31,248
Beta_1.80,M562,68,0,0,0,1,0,28,219
Beta_1.80,M563,81,1,0,0,1,0,25,189
Beta_1.80,M564,71,1,0,0,1,0,28,170
Beta_1.80,M565,76,1,0,0,1,0,31,155
Beta_1.80,M566,65,0,1,0,1,0,28,134
Beta_1.80,M567,74,0,1,0,1,0,26,112
Beta_1.80,M568,70,1,1,0,1,10,13,101
Beta_1.80,M569,74,1,0,1,1,10,12,90
Beta_1.80,M570,81,1,0,1,10,1,10,78
Beta_1.80,M571,79,0,1,1,10,1,8,65
Beta_1.80,M572,86,0,1,0,0,1,7,50
Beta_1.80,M573,82,0,1,0,0,0,6,35
Beta_1.80,M574,79,0,1,0,0,0,9,8
Beta_1.80,M575,82,0,0,0,0,0,1,10
Beta_1.80,M576,73,0,0,0,0,0,0,12
Beta_1.80,M577,73,0,0,0,0,0,0,2
Beta_1.80,M578,71,0,0,0,0,0,0,2
Beta_1.80,M579,67,0,0,1,0,0,0,65
Beta_1.80,M580,66,0,0,1,0,0,1,99
Beta_1.80,M581,58,0,1,0,0,0,1,130
Beta_1.80,M582,44,0,1,0,0,0,1,154
Beta_1.80,M583,31,0,1,0,0,1,0,174
Beta_1.80,M584,20,1,0,0,0,1,0,197
Beta_1.80,M585,14,1,0,0,1,0,0,217
Beta_1.80,M586,12,1,0,0,1,0,0,230
Beta_1.80,M587,8,0,0,0,1,0,0,241
Beta_1.80,M588,8,0,0,0,1,0,0,267
Beta_1.80,M589,7,0,0,1,1,0,13,269
Beta_1.80,M590,4,2,0,1,0,0,56,248
Beta_1.80,M591,4,2,1,0,0,0,80,246
Beta_1.80,M592,4,2,1,0,0,0,100,244
Beta_1.80,M593,3,0,2,0,0,0,65,246
Beta_1.80,M594,37,1,1,0,0,0,53,249
Beta_1.80,M595,45,1,1,0,1,0,45,250
Beta_1.80,M596,58,1,0,1,1,0,39,252
Beta_1.80,M597,63,0,0,1,1,0,35,258
Beta_1.80,M598,60,0,0,1,1,0,31,237
Beta_1.80,M599,78,0,0,0,1,0,28,212
Beta_1.80,M600,86,1,0,0,1,0,25,188
Beta_1.85,M300,73,1,0,0,21,23,26,228
Beta_1.85,M301,73,1,0,0,15,21,25,229
Beta_1.85,M302,75,0,0,0,12,19,25,231
Beta_1.85,M303,61,1,0,0,8,19,25,230
Beta_1.85,M304,66,1,0,0,5,19,25,237
Beta_1.85,M305,54,1,0,0,3,19,25,237
Beta_1.85,M306,57,0,1,0,1,19,25,237
Beta_1.85,M307,67,0,1,0,0,15,27,248
Beta_1.85,M308,60,0,1,0,0,12,27,244
Beta_1.85,M309,51,0,0,1,0,10,27,250
Beta_1.85,M310,62,0,0,1,0,9,26,254
Beta_1.85,M311,67,0,0,0,0,7,26,235
Beta_1.85,M312,72,0,0,0,0,4,27,250
Beta_1.85,M313,59,0,0,1,0,2,28,223
Beta_1.85,M314,69,0,0,1,0,0,27,253
Beta_1.85,M315,60,0,0,1,0,0,43,249
Beta_1.85,M316,68,0,1,0,0,0,41,257
Beta_1.85,M317,78,1,1,0,0,16,23,265
Beta_1.85,M318,74,1,1,0,0,16,21,271
Beta_1.85,M319,84,2,0,0,0,0,19,265
Beta_1.85,M320,69,1,1,0,0,0,18,263
Beta_1.85,M321,66,0,1,0,0,0,17,265
Beta_1.85,M322,82,0,1,0,0,0,15,261
Beta_1.85,M323,85,1,0,1,0,0,14,269
Beta_1.85,M324,73,1,0,1,0,0,12,265
Beta_1.85,M325,66,1,0,0,0,0,11,269
Beta_1.85,M326,67,0,1,0,0,0,10,264
Beta_1.85,M327,66,0,1,0,0,0,9,238
Beta_1.85,M328,68,0,1,0,0,0,13,237
Beta_1.85,M329,89,0,0,0,1,0,0,252
Beta_1.85,M330,98,0,0,0,1,0,12,248
Beta_1.85,M331,101,0,0,0,1,0,39,234
Beta_1.85,M332,111,0,0,0,1,0,54,224
Beta_1.85,M333,113,0,0,1,1,20,47,214
Beta_1.85,M334,105,0,0,1,1,42,35,220
Beta_1.85,M335,101,0,1,0,21,37,31,217
Beta_1.85,M336,91,0,1,0,43,27,28,224
Beta_1.85,M337,82,0,1,0,25,22,27,216
Beta_1.85,M338,77,1,0,0,16,22,25,224
Beta_1.85,M339,72,1,0,0,12,20,24,226
Beta_1.85,M340,73,1,0,0,10,19,24,227
Beta_1.85,M341,75,1,0,0,8,17,25,233
Beta_1.85,M342,66,1,0,0,4,19,24,234
Beta_1.85,M343,70,0,1,0,2,18,25,239
Beta_1.85,M344,57,0,1,0,0,17,25,240
Beta_1.85,M345,67,0,1,0,0,14,26,243
Beta_1.85,M346,67,0,0,1,0,11,26,242
Beta_1.85,M347,54,0,0,1,0,9,27,246
Beta_1.85,M348,56,0,0,1,0,7,26,239
Beta_1.85,M349,61,0,0,0,0,5,26,238
Beta_1.85,M350,82,0,0,0,0,3,27,217
Beta_1.85,M351,62,0,0,1,0,2,26,219
Beta_1.85,M352,67,0,0,1,0,0,43,233
Beta_1.85,M353,68,0,0,1,0,0,42,243
Beta_1.85,M354,64,1,1,0,0,0,39,258
Beta_1.85,M355,59,1,1,0,0,16,21,266
Beta_1.85,M356,66,1,1,0,0,4,20,266
Beta_1.85,M357,69,1,1,0,0,0,18,263
Beta_1.85,M358,71,1,1,0,0,0,17,262
Beta_1.85,M359,77,0,1,0,0,0,16,262
Beta_1.85,M360,70,0,0,1,0,0,15,260
Beta_1.85,M361,75,1,0,1,0,0,13,268
Beta_1.85,M362,67,1,0,1,0,0,12,267
Beta_1.85,M363,69,1,0,0,0,0,10,266
Beta_1.85,M364,65,0,1,0,0,0,9,245
Beta_1.85,M365,60,0,1,0,0,0,8,251
Beta_1.85,M366,65,0,1,0,0,0,5,243
Beta_1.85,M367,85,0,0,0,1,0,0,256
Beta_1.85,M368,100,0,0,0,1,0,35,235
Beta_1.85,M369,106,0,0,0,1,0,52,223
Beta_1.85,M370,116,0,0,1,1,10,55,215
Beta_1.85,M371,114,0,0,1,1,39,37,219
Beta_1.85,M372,104,0,0,1,11,45,31,213
Beta_1.85,M373,100,0,1,0,40,28,29,214
Beta_1.85,M374,94,0,1,0,30,23,27,213
Beta_1.85,M375,78,1,0,0,19,20,26,220
Beta_1.85,M376,78,1,0,0,14,19,25,224
Beta_1.85,M377,78,0,0,0,10,19,24,226
Beta_1.85,M378,79,1,0,0,8,18,23,227
Beta_1.85,M379,71,1,0,0,6,17,24,226
Beta_1.85,M380,69,0,1,0,3,18,23,227
Beta_1.85,M381,69,0,1,0,1,18,24,233
Beta_1.85,M382,62,0,1,0,0,15,24,239
Beta_1.85,M383,54,0,1,0,0,13,25,237
Beta_1.85,M384,62,0,0,1,0,10,26,239
Beta_1.85,M385,72,0,0,1,0,9,26,241
Beta_1.85,M386,66,0,0,0,0,7,25,231
Beta_1.85,M387,66,0,0,0,0,5,25,220
Beta_1.85,M388,61,0,0,0,0,3,25,197
Beta_1.85,M389,72,0,0,1,0,1,44,194
Beta_1.85,M390,67,0,0,1,0,0,43,224
Beta_1.85,M391,71,0,0,1,0,0,40,249
Beta_1.85,M392,60,1,1,0,0,16,22,260
Beta_1.85,M393,73,1,1,0,0,16,21,269
Beta_1.85,M394,83,1,1,0,0,0,20,264
Beta_1.85,M395,70,1,1,0,0,0,18,262
Beta_1.85,M396,68,1,1,0,0,0,17,262
Beta_1.85,M397,73,0,1,0,0,0,16,260
Beta_1.85,M398,77,0,0,1,0,0,13,262
Beta_1.85,M399,68,1,0,1,0,0,13,267
Beta_1.85,M400,67,1,0,1,0,0,11,272
Beta_1.85,M401,70,1,0,0,0,0,10,263
Beta_1.85,M402,64,0,1,0,0,0,9,240
Beta_1.85,M403,59,0,1,0,0,0,9,246
Beta_1.85,M404,61,0,0,0,0,0,0,252
Beta_1.85,M405,90,0,0,0,1,0,30,234
Beta_1.85,M406,108,0,0,0,1,0,49,224
Beta_1.85,M407,107,0,0,0,1,0,63,219
Beta_1.85,M408,116,0,0,1,1,34,40,211
Beta_1.85,M409,105,0,0,1,1,52,32,208
Beta_1.85,M410,98,0,1,0,35,31,29,211
Beta_1.85,M411,97,0,1,0,39,24,28,212
Beta_1.85,M412,100,0,1,0,22,21,26,213
Beta_1.85,M413,88,1,0,0,15,20,24,209
Beta_1.85,M414,85,1,0,0,12,19,23,219
Beta_1.85,M415,96,1,0,0,10,17,24,219
Beta_1.85,M416,75,1,0,0,7,17,23,221
Beta_1.85,M417,68,1,0,0,5,17,23,228
Beta_1.85,M418,78,0,1,0,2,17,23,231
Beta_1.85,M419,59,0,1,0,1,16,24,231
Beta_1.85,M420,74,0,1,0,0,14,24,233
Beta_1.85,M421,66,0,0,1,0,12,24,239
Beta_1.85,M422,56,0,0,1,0,10,25,243
Beta_1.85,M423,69,0,0,0,0,8,25,220
Beta_1.85,M424,64,0,0,0,0,6,25,242
Beta_1.85,M425,66,0,0,0,0,4,25,200
Beta_1.85,M426,63,0,0,0,0,2,25,190
Beta_1.85,M427,64,0,0,1,0,0,44,190
Beta_1.85,M428,68,0,0,1,0,0,41,221
Beta_1.85,M429,55,0,0,1,0,17,23,241
Beta_1.85,M430,62,1,1,0,0,16,22,253
Beta_1.85,M431,72,1,1,0,0,0,20,264
Beta_1.85,M432,63,1,1,0,0,0,19,258
Beta_1.85,M433,68,1,1,0,0,0,17,255
Beta_1.85,M434,66,1,1,0,0,0,16,254
Beta_1.85,M435,66,0,1,0,0,0,14,259
Beta_1.85,M436,74,1,0,1,0,0,13,264
Beta_1.85,M437,66,1,0,1,0,0,12,267
Beta_1.85,M438,62,1,0,1,0,0,10,269
Beta_1.85,M439,64,0,1,0,0,0,10,245
Beta_1.85,M440,57,0,1,0,0,0,9,250
Beta_1.85,M441,64,0,1,0,0,0,10,249
Beta_1.85,M442,66,0,0,0,1,0,20,237
Beta_1.85,M443,92,0,0,0,1,0,45,221
Beta_1.85,M444,107,0,0,0,1,0,60,221
Beta_1.85,M445,104,0,0,1,1,27,45,207
Beta_1.85,M446,115,0,0,1,1,48,35,206
Beta_1.85,M447,110,0,0,1,28,35,30,213
Beta_1.85,M448,100,0,1,0,49,26,28,207
Beta_1.85,M449,104,0,1,0,25,22,27,210
Beta_1.85,M450,102,1,0,0,18,20,25,209
Beta_1.85,M451,105,1,0,0,13,20,23,214
Beta_1.85,M452,86,1,0,0,10,18,23,216
Beta_1.85,M453,79,1,0,0,8,17,23,213
Beta_1.85,M454,75,1,0,0,6,16,23,219
Beta_1.85,M455,72,0,1,0,4,16,23,226
Beta_1.85,M456,68,0,1,0,1,17,23,229
Beta_1.85,M457,61,0,1,0,1,15,23,232
Beta_1.85,M458,68,0,0,1,0,13,23,235
Beta_1.85,M459,68,0,0,1,0,10,25,231
Beta_1.85,M460,54,0,0,1,0,9,24,231
Beta_1.85,M461,55,0,0,0,0,7,25,225
Beta_1.85,M462,65,0,0,0,0,5,25,202
Beta_1.85,M463,66,0,0,0,0,3,25,184
Beta_1.85,M464,69,0,0,0,0,2,43,161
Beta_1.85,M465,57,0,0,1,0,0,42,185
Beta_1.85,M466,73,0,0,1,0,0,40,214
Beta_1.85,M467,67,1,0,1,0,16,22,242
Beta_1.85,M468,74,1,1,0,0,0,21,250
Beta_1.85,M469,69,1,1,0,0,0,19,252
Beta_1.85,M470,69,0,2,0,0,0,18,255
Beta_1.85,M471,67,1,1,0,0,0,16,259
Beta_1.85,M472,66,1,1,0,0,0,16,259
Beta_1.85,M473,81,0,0,1,0,0,14,262
Beta_1.85,M474,66,1,0,1,0,0,13,264
Beta_1.85,M475,63,1,0,1,0,0,11,272
Beta_1.85,M476,61,1,0,0,0,0,10,257
Beta_1.85,M477,64,0,1,0,0,0,9,258
Beta_1.85,M478,59,0,1,0,0,0,8,256
Beta_1.85,M479,61,0,1,0,0,0,8,248
Beta_1.85,M480,67,0,0,0,1,0,38,225
Beta_1.85,M481,97,0,0,0,1,0,56,217
Beta_1.85,M482,105,0,0,0,1,12,57,216
Beta_1.85,M483,110,0,0,1,1,42,38,207
Beta_1.85,M484,113,0,0,1,13,46,32,204
Beta_1.85,M485,114,0,1,0,43,29,28,205
Beta_1.85,M486,112,0,1,0,30,24,27,210
Beta_1.85,M487,103,0,1,0,20,21,25,205
Beta_1.85,M488,94,1,0,0,15,19,24,213
Beta_1.85,M489,96,2,0,0,12,18,23,211
Beta_1.85,M490,98,1,0,0,9,18,22,217
Beta_1.85,M491,92,1,0,0,7,17,22,221
Beta_1.85,M492,78,0,1,0,6,16,22,221
Beta_1.85,M493,71,0,1,0,4,15,23,223
Beta_1.85,M494,64,0,1,0,1,16,22,226
Beta_1.85,M495,74,0,1,0,0,14,22,230
Beta_1.85,M496,64,0,0,1,0,13,23,236
Beta_1.85,M497,68,0,0,1,0,10,24,232
Beta_1.85,M498,58,0,0,0,0,8,24,224
Beta_1.85,M499,65,0,0,0,0,6,25,206
Beta_1.85,M500,64,0,0,0,0,4,24,190
Beta_1.85,M501,69,0,0,0,0,2,42,160
Beta_1.85,M502,77,0,0,0,0,0,43,152
Beta_1.85,M503,61,0,0,1,0,0,41,184
Beta_1.85,M504,70,0,0,1,0,17,23,220
Beta_1.85,M505,68,1,0,1,0,16,21,243
Beta_1.85,M506,66,1,1,0,0,0,20,252
Beta_1.85,M507,70,1,1,0,0,0,19,251
Beta_1.85,M508,64,0,2,0,0,0,17,259
Beta_1.85,M509,70,1,1,0,0,0,16,258
Beta_1.85,M510,66,1,1,0,0,0,14,258
Beta_1.85,M511,72,0,0,1,0,0,13,262
Beta_1.85,M512,62,1,0,1,0,0,12,266
Beta_1.85,M513,60,1,0,1,0,0,10,269
Beta_1.85,M514,58,1,0,0,0,0,10,254
Beta_1.85,M515,61,0,1,0,0,0,8,259
Beta_1.85,M516,63,0,1,0,0,0,8,257
Beta_1.85,M517,62,0,0,0,0,0,28,227
Beta_1.85,M518,69,0,0,0,1,0,50,212
Beta_1.85,M519,98,0,0,0,1,0,65,213
Beta_1.85,M520,107,0,0,1,1,34,43,205
Beta_1.85,M521,114,0,0,1,1,53,35,198
Beta_1.85,M522,119,0,0,1,35,34,29,200
Beta_1.85,M523,103,0,1,0,43,26,27,206
Beta_1.85,M524,113,0,1,0,23,23,26,203
Beta_1.85,M525,114,1,0,0,16,20,25,206
Beta_1.85,M526,102,1,0,0,12,20,23,206
Beta_1.85,M527,101,1,0,0,10,18,22,214
Beta_1.85,M528,103,1,0,0,9,16,22,213
Beta_1.85,M529,94,1,0,0,6,16,22,214
Beta_1.85,M530,90,0,1,0,4,16,21,216
Beta_1.85,M531,82,0,1,0,3,15,22,218
Beta_1.85,M532,88,0,1,0,1,15,22,229
Beta_1.85,M533,75,0,0,1,0,14,22,227
Beta_1.85,M534,71,0,0,1,0,11,23,232
Beta_1.85,M535,66,0,0,0,0,8,24,213
Beta_1.85,M536,79,0,0,0,0,7,24,228
Beta_1.85,M537,63,0,0,0,0,5,25,195
Beta_1.85,M538,61,0,0,0,0,3,35,165
Beta_1.85,M539,62,0,0,0,0,2,42,148
Beta_1.85,M540,65,0,0,0,0,0,42,150
Beta_1.85,M541,70,0,0,1,0,17,23,183
Beta_1.85,M542,70,0,0,1,0,17,22,214
Beta_1.85,M543,62,1,0,1,0,0,20,238
Beta_1.85,M544,62,1,1,0,0,0,19,251
Beta_1.85,M545,70,1,1,0,0,0,18,254
Beta_1.85,M546,71,0,2,0,0,0,17,252
Beta_1.85,M547,67,1,1,0,0,0,15,257
Beta_1.85,M548,62,1,1,0,0,0,14,259
Beta_1.85,M549,61,1,0,1,0,0,13,263
Beta_1.85,M550,64,1,0,1,0,0,11,275
Beta_1.85,M551,60,1,0,1,0,0,10,249
Beta_1.85,M552,58,0,1,0,0,0,9,258
Beta_1.85,M553,60,0,1,0,0,0,8,264
Beta_1.85,M554,70,0,1,0,0,0,8,257
Beta_1.85,M555,63,0,0,0,0,0,42,221
Beta_1.85,M556,78,0,0,0,1,0,60,217
Beta_1.85,M557,98,0,0,0,1,19,54,208
Beta_1.85,M558,106,0,0,1,1,46,39,200
Beta_1.85,M559,112,0,0,1,20,44,32,199
Beta_1.85,M560,115,0,1,0,47,30,28,203
Beta_1.85,M561,111,0,1,0,28,24,27,199
Beta_1.85,M562,104,0,1,0,19,20,26,203
Beta_1.85,M563,108,1,0,0,15,18,25,204
Beta_1.85,M564,96,2,0,0,10,19,22,209
Beta_1.85,M565,103,1,0,0,8,18,22,207
Beta_1.85,M566,86,1,0,0,7,16,22,211
Beta_1.85,M567,86,0,1,0,5,16,21,217
Beta_1.85,M568,83,0,1,0,3,15,22,223
Beta_1.85,M569,76,0,1,0,2,15,21,222
Beta_1.85,M570,80,0,0,1,1,14,22,224
Beta_1.85,M571,69,0,0,1,0,12,22,225
Beta_1.85,M572,68,0,0,1,0,11,22,192
Beta_1.85,M573,65,0,0,0,0,7,24,221
Beta_1.85,M574,68,0,0,0,0,6,24,188
Beta_1.85,M575,74,0,0,0,0,4,24,173
Beta_1.85,M576,67,0,0,0,0,2,42,152
Beta_1.85,M577,72,0,0,0,0,0,42,145
Beta_1.85,M578,66,0,0,0,0,0,40,140
Beta_1.85,M579,72,0,0,1,0,17,22,183
Beta_1.85,M580,69,1,0,1,0,1,21,216
Beta_1.85,M581,71,1,0,1,0,0,20,238
Beta_1.85,M582,70,1,1,0,0,0,18,251
Beta_1.85,M583,72,0,2,0,0,0,17,252
Beta_1.85,M584,65,0,2,0,0,0,16,249
Beta_1.85,M585,68,1,1,0,0,0,15,253
Beta_1.85,M586,67,1,1,0,0,0,13,261
Beta_1.85,M587,63,1,0,1,0,0,12,264
Beta_1.85,M588,51,1,0,1,0,0,11,268
Beta_1.85,M589,59,1,0,0,0,0,10,255
Beta_1.85,M590,60,0,1,0,0,0,9,257
Beta_1.85,M591,56,0,1,0,0,0,7,265
Beta_1.85,M592,56,0,1,0,0,0,41,226
Beta_1.85,M593,58,0,0,0,0,0,53,213
Beta_1.85,M594,78,0,0,0,1,0,68,212
Beta_1.85,M595,103,0,0,1,1,36,45,211
Beta_1.85,M596,110,0,0,1,1,56,36,197
Beta_1.85,M597,111,0,0,1,37,35,30,198
Beta_1.85,M598,108,0,1,0,36,27,27,196
Beta_1.85,M599,117,0,1,0,22,22,27,201
Beta_1.85,M600,112,1,0,0,16,20,25,198
Beta_1.90,M300,322,1,0,0,61,388,328,323
Beta_1.90,M301,329,1,0,0,57,390,320,319
Beta_1.90,M302,328,1,0,0,26,427,280,350
Beta_1.90,M303,322,2,1,0,16,444,273,336
Beta_1.90,M304,313,2,1,0,16,447,272,313
Beta_1.90,M305,340,3,0,0,16,455,288,316
Beta_1.90,M306,327,0,2,0,22,454,296,326
Beta_1.90,M307,325,0,2,0,18,432,317,306
Beta_1.90,M308,319,0,2,0,16,426,328,349
Beta_1.90,M309,325,0,1,2,12,420,342,361
Beta_1.90,M310,324,0,0,1,12,429,324,340
Beta_1.90,M311,302,0,0,0,19,433,351,286
Beta_1.90,M312,302,0,0,0,21,424,343,280
Beta_1.90,M313,307,0,0,0,9,439,356,295
Beta_1.90,M314,307,4,0,0,8,454,407,259
Beta_1.90,M315,311,2,0,0,7,474,423,215
Beta_1.90,M316,298,1,0,0,8,453,440,208
Beta_1.90,M317,324,1,0,0,7,491,396,199
Beta_1.90,M318,327,1,0,0,7,508,390,194
Beta_1.90,M319,315,1,0,0,50,460,403,184
Beta_1.90,M320,330,0,0,0,55,442,426,180
Beta_1.90,M321,313,0,0,0,49,442,436,177
Beta_1.90,M322,318,0,1,0,37,436,447,179
Beta_1.90,M323,298,0,0,0,16,443,462,175
Beta_1.90,M324,282,0,0,0,11,430,464,175
Beta_1.90,M325,285,0,0,0,12,416,465,159
Beta_1.90,M326,275,1,0,0,9,424,467,161
Beta_1.90,M327,281,1,0,0,16,430,487,162
Beta_1.90,M328,294,1,0,0,17,448,490,154
Beta_1.90,M329,292,0,1,0,21,452,498,164
Beta_1.90,M330,288,1,0,0,43,455,515,161
Beta_1.90,M331,292,1,0,0,59,486,493,138
Beta_1.90,M332,293,1,0,0,64,492,484,133
Beta_1.90,M333,291,0,1,0,74,472,495,126
Beta_1.90,M334,291,0,1,0,40,497,485,131
Beta_1.90,M335,305,0,1,0,34,497,478,152
Beta_1.90,M336,306,0,0,1,28,515,450,167
Beta_1.90,M337,309,0,0,1,23,528,452,183
Beta_1.90,M338,323,1,0,1,19,509,441,222
Beta_1.90,M339,321,4,0,0,16,471,408,279
Beta_1.90,M340,332,4,0,0,17,472,381,307
Beta_1.90,M341,332,3,1,0,17,465,353,321
Beta_1.90,M342,350,0,4,0,23,468,340,331
Beta_1.90,M343,352,0,3,0,22,467,326,319
Beta_1.90,M344,342,0,2,0,15,477,329,312
Beta_1.90,M345,341,1,0,2,14,483,300,319
Beta_1.90,M346,322,9,0,2,13,526,299,348
Beta_1.90,M347,356,1,0,0,23,537,321,318
Beta_1.90,M348,339,1,0,0,27,543,345,287
Beta_1.90,M349,352,0,0,0,31,542,365,287
Beta_1.90,M350,332,0,0,0,28,528,398,271
Beta_1.90,M351,345,0,0,0,29,510,429,222
Beta_1.90,M352,345,0,0,0,20,519,417,203
Beta_1.90,M353,339,6,0,0,17,559,391,200
Beta_1.90,M354,339,6,0,0,37,533,390,190
Beta_1.90,M355,346,5,0,0,61,493,409,183
Beta_1.90,M356,341,0,4,0,57,473,418,180
Beta_1.90,M357,324,0,3,0,43,481,428,177
Beta_1.90,M358,333,0,0,0,38,491,433,172
Beta_1.90,M359,305,2,0,0,30,493,401,166
Beta_1.90,M360,318,2,0,0,26,510,429,168
Beta_1.90,M361,329,2,0,0,20,517,430,158
Beta_1.90,M362,331,0,1,0,43,534,447,159
Beta_1.90,M363,319,0,1,0,51,538,458,162
Beta_1.90,M364,318,0,1,0,58,531,475,156
Beta_1.90,M365,312,0,0,0,10,587,456,160
Beta_1.90,M366,307,0,0,0,8,596,460,144
Beta_1.90,M367,307,0,0,0,36,588,473,156
Beta_1.90,M368,306,0,0,0,31,598,483,152
Beta_1.90,M369,319,1,0,0,30,616,481,120
Beta_1.90,M370,306,1,0,0,24,615,496,128
Beta_1.90,M371,316,0,1,0,15,574,542,117
Beta_1.90,M372,302,0,1,0,15,563,557,104
Beta_1.90,M373,301,3,1,0,21,552,571,109
Beta_1.90,M374,315,2,0,1,18,548,564,108
Beta_1.90,M375,328,3,0,1,18,552,560,126
Beta_1.90,M376,328,2,1,1,20,550,553,148
Beta_1.90,M377,351,3,1,0,39,564,523,175
Beta_1.90,M378,363,2,3,0,58,557,489,205
Beta_1.90,M379,364,1,2,0,50,582,408,244
Beta_1.90,M380,373,0,3,0,45,586,386,252
Beta_1.90,M381,369,0,3,0,36,560,317,329
Beta_1.90,M382,375,0,0,2,32,570,324,318
Beta_1.90,M383,370,0,0,0,31,569,348,267
Beta_1.90,M384,371,0,0,0,26,551,374,252
Beta_1.90,M385,374,0,0,0,21,562,348,268
Beta_1.90,M386,348,1,0,0,19,597,325,274
Beta_1.90,M387,356,3,0,0,18,614,334,274
Beta_1.90,M388,355,4,0,0,40,578,389,212
Beta_1.90,M389,332,2,1,0,42,575,414,209
Beta_1.90,M390,345,0,1,0,35,614,376,196
Beta_1.90,M391,330,0,0,0,24,612,373,190
Beta_1.90,M392,329,1,0,0,49,601,355,177
Beta_1.90,M393,366,1,0,0,79,609,370,177
Beta_1.90,M394,354,1,0,0,92,621,377,168
Beta_1.90,M395,371,0,1,0,80,631,384,163
Beta_1.90,M396,373,0,1,0,41,663,400,155
Beta_1.90,M397,377,0,1,0,4,665,406,159
Beta_1.90,M398,366,0,0,0,3,673,388,153
Beta_1.90,M399,357,0,0,0,5,685,391,159
Beta_1.90,M400,361,0,0,0,12,697,409,155
Beta_1.90,M401,341,0,0,0,23,674,409,151
Beta_1.90,M402,334,0,0,0,27,673,428,144
Beta_1.90,M403,332,0,0,0,25,643,477,151
Beta_1.90,M404,323,0,0,0,20,614,521,150
Beta_1.90,M405,321,1,0,0,24,607,539,152
Beta_1.90,M406,315,3,0,0,24,592,556,146
Beta_1.90,M407,316,9,0,0,30,586,572,127
Beta_1.90,M408,324,9,0,0,44,601,592,127
Beta_1.90,M409,331,6,0,0,66,602,596,116
Beta_1.90,M410,332,0,4,0,72,617,597,97
Beta_1.90,M411,350,1,2,0,52,633,595,95
Beta_1.90,M412,348,1,1,0,48,648,570,88
Beta_1.90,M413,347,1,0,1,33,659,564,85
Beta_1.90,M414,341,1,1,1,29,680,541,82
Beta_1.90,M415,367,2,1,1,21,676,531,99
Beta_1.90,M416,367,2,1,0,21,684,527,122
Beta_1.90,M417,367,1,1,1,21,679,504,149
Beta_1.90,M418,365,2,2,1,18,699,437,178
Beta_1.90,M419,367,0,2,0,23,718,414,189
Beta_1.90,M420,390,0,0,1,41,705,383,211
Beta_1.90,M421,383,2,1,0,62,685,343,197
Beta_1.90,M422,381,2,1,0,46,675,303,239
Beta_1.90,M423,370,1,0,0,53,664,325,259
Beta_1.90,M424,362,0,2,0,53,651,309,248
Beta_1.90,M425,369,1,0,0,54,655,313,240
Beta_1.90,M426,355,1,0,0,19,703,347,205
Beta_1.90,M427,370,1,0,0,9,732,346,196
Beta_1.90,M428,383,0,1,0,9,733,336,189
Beta_1.90,M429,391,0,1,0,7,781,321,182
Beta_1.90,M430,381,0,0,0,17,791,326,175
Beta_1.90,M431,401,0,0,0,47,759,324,169
Beta_1.90,M432,400,0,0,0,59,749,327,162
Beta_1.90,M433,393,0,0,0,76,747,327,158
Beta_1.90,M434,389,1,0,0,76,722,366,156
Beta_1.90,M435,386,1,0,0,68,706,390,154
Beta_1.90,M436,362,1,0,0,41,701,414,152
Beta_1.90,M437,381,1,0,0,41,693,438,151
Beta_1.90,M438,363,0,0,0,44,662,461,144
Beta_1.90,M439,367,11,0,0,53,675,485,147
Beta_1.90,M440,355,11,0,0,57,677,512,145
Beta_1.90,M441,345,9,0,0,62,664,534,146
Beta_1.90,M442,351,1,4,0,41,698,541,143
Beta_1.90,M443,340,0,4,0,33,691,586,143
Beta_1.90,M444,353,0,0,0,28,697,569,143
Beta_1.90,M445,355,1,0,0,19,713,550,137
Beta_1.90,M446,329,1,0,0,11,744,540,127
Beta_1.90,M447,341,2,0,0,9,761,547,93
Beta_1.90,M448,329,1,1,0,14,760,557,100
Beta_1.90,M449,323,1,1,0,20,749,578,89
Beta_1.90,M450,352,1,2,0,28,774,560,86
Beta_1.90,M451,345,1,1,1,38,770,549,85
Beta_1.90,M452,348,1,1,1,37,771,543,90
Beta_1.90,M453,364,1,1,2,55,760,516,92
Beta_1.90,M454,378,5,0,0,69,756,501,76
Beta_1.90,M455,383,4,0,0,90,767,473,97
Beta_1.90,M456,382,2,2,0,64,786,424,134
Beta_1.90,M457,393,1,4,0,32,833,413,136
Beta_1.90,M458,402,1,2,0,44,828,368,123
Beta_1.90,M459,421,0,4,0,54,835,339,129
Beta_1.90,M460,427,0,1,0,53,839,278,153
Beta_1.90,M461,430,0,1,0,64,834,232,180
Beta_1.90,M462,424,0,0,0,69,827,208,206
Beta_1.90,M463,408,0,0,0,65,819,195,218
Beta_1.90,M464,396,1,0,0,60,766,243,208
Beta_1.90,M465,397,1,0,0,64,732,315,192
Beta_1.90,M466,378,1,0,0,64,736,337,181
Beta_1.90,M467,379,0,0,0,44,742,345,179
Beta_1.90,M468,379,0,0,0,51,773,341,169
Beta_1.90,M469,385,0,0,0,58,770,354,172
Beta_1.90,M470,385,0,0,0,81,769,363,163
Beta_1.90,M471,375,7,0,0,92,778,369,153
Beta_1.90,M472,393,8,0,0,72,796,391,150
Beta_1.90,M473,391,7,0,0,41,784,433,144
Beta_1.90,M474,377,0,9,0,39,797,447,149
Beta_1.90,M475,383,0,0,0,25,820,463,137
Beta_1.90,M476,374,0,0,0,13,838,452,141
Beta_1.90,M477,362,0,0,0,9,811,462,142
Beta_1.90,M478,355,0,0,0,13,800,472,133
Beta_1.90,M479,365,0,0,0,16,814,463,139
Beta_1.90,M480,363,0,0,0,15,805,486,137
Beta_1.90,M481,350,0,0,0,14,819,501,135
Beta_1.90,M482,349,2,0,0,14,824,499,133
Beta_1.90,M483,359,2,0,0,13,820,527,129
Beta_1.90,M484,361,3,0,0,53,772,554,122
Beta_1.90,M485,347,1,1,0,83,775,542,101
Beta_1.90,M486,378,1,1,0,91,799,534,96
Beta_1.90,M487,370,1,2,0,114,798,506,86
Beta_1.90,M488,357,3,2,0,89,831,495,96
Beta_1.90,M489,398,3,1,1,89,825,488,80
Beta_1.90,M490,383,3,1,1,85,818,453,91
Beta_1.90,M491,405,0,4,1,88,823,452,107
Beta_1.90,M492,421,2,2,1,77,844,421,115
Beta_1.90,M493,422,3,1,0,72,848,449,63
Beta_1.90,M494,406,3,0,0,70,850,429,51
Beta_1.90,M495,416,1,1,0,80,838,356,47
Beta_1.90,M496,381,0,1,0,77,841,342,60
Beta_1.90,M497,421,0,0,0,78,859,329,76
Beta_1.90,M498,402,0,0,0,72,864,311,94
Beta_1.90,M499,393,0,0,0,70,886,287,110
Beta_1.90,M500,421,0,0,0,85,896,274,142
Beta_1.90,M501,425,0,0,0,70,913,234,170
Beta_1.90,M502,402,9,0,0,75,926,235,179
Beta_1.90,M503,414,7,0,0,61,936,248,186
Beta_1.90,M504,408,4,0,0,52,954,259,178
Beta_1.90,M505,399,5,0,0,43,934,335,176
Beta_1.90,M506,403,0,4,0,37,920,379,170
Beta_1.90,M507,386,0,0,0,17,912,367,164
Beta_1.90,M508,378,0,0,0,17,889,372,158
Beta_1.90,M509,393,0,0,0,18,881,385,153
Beta_1.90,M510,381,1,0,0,20,886,389,146
Beta_1.90,M511,367,1,0,0,16,869,399,139
Beta_1.90,M512,381,1,0,0,14,873,409,140
Beta_1.90,M513,382,0,1,0,30,868,389,138
Beta_1.90,M514,393,0,1,0,50,874,400,133
Beta_1.90,M515,420,0,1,0,94,847,400,135
Beta_1.90,M516,399,0,0,0,153,802,423,133
Beta_1.90,M517,404,1,0,0,165,807,405,128
Beta_1.90,M518,423,2,0,0,151,805,416,131
Beta_1.90,M519,405,2,0,0,121,791,433,125
Beta_1.90,M520,399,2,0,0,128,786,450,129
Beta_1.90,M521,396,1,2,0,129,786,465,130
Beta_1.90,M522,375,4,1,0,110,803,485,119
Beta_1.90,M523,379,4,1,0,99,819,464,115
Beta_1.90,M524,380,3,1,1,90,817,437,112
Beta_1.90,M525,367,0,3,0,79,819,426,94
Beta_1.90,M526,372,0,3,0,89,845,402,126
Beta_1.90,M527,381,0,2,0,91,864,397,132
Beta_1.90,M528,376,0,0,1,93,858,467,72
Beta_1.90,M529,370,0,0,1,84,875,472,56
Beta_1.90,M530,370,2,0,1,79,900,477,49
Beta_1.90,M531,389,2,0,0,76,940,423,45
Beta_1.90,M532,407,1,0,0,68,964,395,33
Beta_1.90,M533,412,2,1,0,62,1011,404,29
Beta_1.90,M534,408,3,1,0,58,1038,396,28
Beta_1.90,M535,423,4,0,0,50,1041,370,24
Beta_1.90,M536,426,3,0,0,41,1019,397,34
Beta_1.90,M537,409,0,1,0,45,1024,390,59
Beta_1.90,M538,412,0,0,0,42,1055,338,75
Beta_1.90,M539,404,0,0,0,43,1021,316,112
Beta_1.90,M540,394,0,0,0,41,997,294,156
Beta_1.90,M541,393,0,0,0,56,940,265,163
Beta_1.90,M542,391,0,0,0,64,910,301,169
Beta_1.90,M543,394,0,0,0,79,877,313,174
Beta_1.90,M544,396,1,0,0,108,887,317,169
Beta_1.90,M545,418,1,0,0,141,895,304,162
Beta_1.90,M546,405,1,0,0,152,879,338,161
Beta_1.90,M547,426,1,1,0,183,849,349,153
Beta_1.90,M548,452,1,1,0,178,828,374,144
Beta_1.90,M549,415,1,1,0,145,851,350,147
Beta_1.90,M550,415,1,1,0,156,828,339,136
Beta_1.90,M551,397,0,1,0,153,843,354,130
Beta_1.90,M552,391,1,0,0,133,843,380,134
Beta_1.90,M553,405,2,0,0,116,856,391,131
Beta_1.90,M554,392,2,0,0,94,857,384,126
Beta_1.90,M555,387,3,0,0,95,861,375,121
Beta_1.90,M556,390,2,1,0,87,865,398,117
Beta_1.90,M557,374,1,2,0,92,846,400,123
Beta_1.90,M558,373,0,3,0,89,844,416,127
Beta_1.90,M559,381,0,2,0,81,867,406,138
Beta_1.90,M560,375,3,2,1,77,871,406,127
Beta_1.90,M561,364,16,0,0,73,920,392,163
Beta_1.90,M562,383,1,0,0,77,933,403,156
Beta_1.90,M563,384,1,0,0,77,960,440,117
Beta_1.90,M564,382,3,1,0,69,976,493,59
Beta_1.90,M565,387,2,1,0,66,992,504,48
Beta_1.90,M566,384,1,1,0,66,1036,455,44
Beta_1.90,M567,383,0,0,1,71,1037,428,38
Beta_1.90,M568,388,1,1,1,105,988,455,36
Beta_1.90,M569,381,1,0,1,129,959,429,30
Beta_1.90,M570,383,1,0,0,129,946,428,27
Beta_1.90,M571,372,1,0,0,97,922,444,22
Beta_1.90,M572,388,0,1,0,104,896,418,18
Beta_1.90,M573,396,0,1,0,115,893,462,15
Beta_1.90,M574,404,0,0,0,122,880,453,13
Beta_1.90,M575,424,1,0,0,142,898,450,15
Beta_1.90,M576,444,1,0,0,171,908,441,10
Beta_1.90,M577,433,0,0,0,180,905,422,39
Beta_1.90,M578,434,1,0,0,193,913,379,82
Beta_1.90,M579,433,2,0,0,204,908,313,111
Beta_1.90,M580,412,2,0,0,152,940,245,156
Beta_1.90,M581,430,2,1,0,166,880,256,159
Beta_1.90,M582,404,1,1,0,148,904,264,163
Beta_1.90,M583,400,0,1,0,157,892,268,165
Beta_1.90,M584,392,0,1,0,133,905,271,160
Beta_1.90,M585,403,1,1,0,112,931,260,157
Beta_1.90,M586,387,1,0,0,90,939,283,154
Beta_1.90,M587,377,1,0,0,101,931,289,149
Beta_1.90,M588,377,1,1,0,101,935,292,137
Beta_1.90,M589,384,1,1,0,97,929,319,138
Beta_1.90,M590,390,2,1,0,86,901,348,134
Beta_1.90,M591,383,9,1,0,87,928,356,120
Beta_1.90,M592,376,20,1,0,83,973,355,120
Beta_1.90,M593,389,0,2,0,97,958,358,122
Beta_1.90,M594,404,1,1,0,112,931,343,133
Beta_1.90,M595,406,1,1,0,109,937,323,150
Beta_1.90,M596,401,1,0,1,105,959,345,171
Beta_1.90,M597,400,0,0,1,130,930,367,162
Beta_1.90,M598,398,0,0,0,154,880,465,137
Beta_1.90,M599,402,1,0,0,156,846,499,116
Beta_1.90,M600,390,1,0,0,166,855,503,87
Beta_1.95,M300,392,0,0,0,10,555,377,136
Beta_1.95,M301,388,0,0,0,7,564,351,151
Beta_1.95,M302,403,0,0,0,8,586,348,152
Beta_1.95,M303,413,0,0,0,3,581,325,168
Beta_1.95,M304,417,2,0,0,1,596,318,181
Beta_1.95,M305,406,2,0,0,5,604,307,195
Beta_1.95,M306,410,3,0,0,3,627,291,216
Beta_1.95,M307,406,2,1,0,1,643,280,238
Beta_1.95,M308,403,1,2,0,7,658,253,263
Beta_1.95,M309,424,1,2,0,11,648,232,273
Beta_1.95,M310,428,0,2,1,7,646,251,275
Beta_1.95,M311,439,0,1,2,9,638,248,273
Beta_1.95,M312,439,0,0,3,7,637,238,294
Beta_1.95,M313,444,0,0,1,2,634,245,324
Beta_1.95,M314,440,2,0,1,3,646,247,294
Beta_1.95,M315,435,2,0,1,5,637,236,337
Beta_1.95,M316,434,2,1,0,5,621,279,286
Beta_1.95,M317,406,0,2,0,6,639,275,294
Beta_1.95,M318,425,1,0,0,4,663,230,297
Beta_1.95,M319,408,1,0,0,2,661,246,276
Beta_1.95,M320,391,0,0,0,4,637,290,244
Beta_1.95,M321,433,0,0,0,4,660,314,214
Beta_1.95,M322,375,2,0,0,15,672,301,190
Beta_1.95,M323,407,1,0,0,48,677,300,178
Beta_1.95,M324,384,1,0,0,60,677,282,166
Beta_1.95,M325,406,0,1,0,69,698,272,166
Beta_1.95,M326,401,0,1,0,53,685,286,147
Beta_1.95,M327,371,0,1,0,64,668,297,143
Beta_1.95,M328,362,0,0,1,46,666,313,135
Beta_1.95,M329,374,2,0,1,41,670,323,126
Beta_1.95,M330,355,2,0,1,33,663,322,118
Beta_1.95,M331,385,1,0,1,31,680,330,123
Beta_1.95,M332,362,0,1,0,31,681,348,115
Beta_1.95,M333,364,0,1,0,32,685,355,114
Beta_1.95,M334,374,0,1,0,25,673,371,99
Beta_1.95,M335,377,0,0,0,27,657,385,102
Beta_1.95,M336,373,0,0,0,20,669,382,97
Beta_1.95,M337,388,1,1,0,21,656,400,97
Beta_1.95,M338,388,1,1,0,27,688,412,95
Beta_1.95,M339,397,2,0,0,21,706,419,87
Beta_1.95,M340,412,1,0,0,13,699,410,98
Beta_1.95,M341,417,0,0,0,12,703,393,117
Beta_1.95,M342,425,0,0,0,17,696,387,127
Beta_1.95,M343,436,1,0,0,20,671,390,142
Beta_1.95,M344,460,1,0,0,20,688,365,157
Beta_1.95,M345,470,2,0,0,21,683,363,172
Beta_1.95,M346,481,1,1,0,20,673,357,189
Beta_1.95,M347,472,2,1,0,21,680,333,215
Beta_1.95,M348,485,1,2,0,19,670,302,255
Beta_1.95,M349,481,1,1,1,15,674,273,276
Beta_1.95,M350,474,0,2,1,21,676,248,284
Beta_1.95,M351,471,0,0,2,19,682,221,288
Beta_1.95,M352,475,0,0,3,18,688,218,295
Beta_1.95,M353,480,0,0,1,22,693,212,318
Beta_1.95,M354,485,1,0,1,19,702,214,316
Beta_1.95,M355,472,1,1,0,25,707,207,315
Beta_1.95,M356,463,0,2,0,24,712,254,282
Beta_1.95,M357,478,0,1,0,24,709,242,303
Beta_1.95,M358,477,1,0,0,33,740,230,296
Beta_1.95,M359,456,0,0,0,29,761,259,271
Beta_1.95,M360,468,1,0,0,28,778,285,235
Beta_1.95,M361,476,1,0,0,34,800,313,198
Beta_1.95,M362,451,2,0,0,58,824,304,175
Beta_1.95,M363,447,2,1,0,82,835,291,165
Beta_1.95,M364,432,2,2,0,128,814,271,153
Beta_1.95,M365,437,1,2,0,86,821,260,150
Beta_1.95,M366,407,0,2,0,75,812,259,144
Beta_1.95,M367,419,0,1,1,62,795,266,137
Beta_1.95,M368,400,0,1,1,61,782,271,135
Beta_1.95,M369,380,0,0,1,53,789,275,129
Beta_1.95,M370,401,1,0,0,51,798,283,122
Beta_1.95,M371,405,1,0,0,49,828,293,123
Beta_1.95,M372,389,1,0,0,50,814,312,117
Beta_1.95,M373,397,0,0,0,38,801,348,104
Beta_1.95,M374,411,0,0,0,48,793,379,101
Beta_1.95,M375,405,0,0,0,48,763,404,98
Beta_1.95,M376,434,0,0,0,45,743,444,93
Beta_1.95,M377,420,0,0,0,46,726,464,95
Beta_1.95,M378,444,0,0,0,42,707,484,76
Beta_1.95,M379,457,0,0,0,37,722,494,72
Beta_1.95,M380,438,0,0,0,39,723,489,64
Beta_1.95,M381,483,1,0,0,43,740,452,73
Beta_1.95,M382,461,2,0,0,42,739,426,101
Beta_1.95,M383,457,2,0,0,50,732,404,115
Beta_1.95,M384,501,1,1,0,42,732,384,130
Beta_1.95,M385,516,1,2,0,40,733,358,148
Beta_1.95,M386,506,1,1,0,40,731,334,167
Beta_1.95,M387,526,0,2,0,59,729,309,192
Beta_1.95,M388,523,0,2,1,57,744,269,231
Beta_1.95,M389,531,0,2,1,54,759,206,289
Beta_1.95,M390,558,0,0,3,51,759,205,281
Beta_1.95,M391,535,0,0,2,45,772,202,271
Beta_1.95,M392,506,1,0,1,60,791,204,273
Beta_1.95,M393,548,2,0,1,63,784,204,295
Beta_1.95,M394,508,2,0,1,59,794,207,311
Beta_1.95,M395,512,2,2,0,61,792,228,308
Beta_1.95,M396,532,1,2,0,72,799,238,287
Beta_1.95,M397,493,1,2,0,70,815,234,296
Beta_1.95,M398,501,3,1,0,77,834,244,291
Beta_1.95,M399,491,1,0,0,79,844,270,268
Beta_1.95,M400,497,0,1,0,81,878,303,216
Beta_1.95,M401,459,1,1,0,98,891,304,179
Beta_1.95,M402,466,1,0,0,109,950,278,164
Beta_1.95,M403,469,2,0,0,96,946,258,148
Beta_1.95,M404,446,1,1,0,136,903,249,141
Beta_1.95,M405,451,1,1,0,121,905,257,133
Beta_1.95,M406,438,0,0,1,113,901,273,126
Beta_1.95,M407,437,0,0,1,100,878,285,124
Beta_1.95,M408,436,0,0,1,104,869,302,122
Beta_1.95,M409,407,0,0,0,94,855,322,121
Beta_1.95,M410,398,0,0,0,89,843,336,123
Beta_1.95,M411,424,0,0,0,81,844,336,112
Beta_1.95,M412,441,0,0,0,87,841,354,108
Beta_1.95,M413,420,0,0,0,91,824,369,99
Beta_1.95,M414,450,0,0,0,95,806,385,96
Beta_1.95,M415,458,1,0,0,95,774,395,89
Beta_1.95,M416,432,2,0,0,106,740,440,83
Beta_1.95,M417,448,2,0,0,108,746,433,75
Beta_1.95,M418,487,0,1,0,102,750,445,68
Beta_1.95,M419,487,0,1,0,103,754,443,63
Beta_1.95,M420,517,0,0,0,102,764,434,55
Beta_1.95,M421,522,1,0,0,108,765,431,55
Beta_1.95,M422,516,1,0,0,99,783,433,52
Beta_1.95,M423,528,1,0,0,108,798,387,83
Beta_1.95,M424,530,1,1,0,103,801,362,101
Beta_1.95,M425,533,2,1,0,99,821,358,116
Beta_1.95,M426,556,2,1,0,115,805,348,132
Beta_1.95,M427,553,2,1,1,125,789,335,156
Beta_1.95,M428,539,2,1,1,121,792,290,206
Beta_1.95,M429,543,0,2,1,128,793,224,283
Beta_1.95,M430,562,1,1,1,148,806,231,271
Beta_1.95,M431,537,1,1,1,146,808,219,257
Beta_1.95,M432,537,3,2,1,137,810,212,263
Beta_1.95,M433,535,1,2,1,155,835,215,257
Beta_1.95,M434,517,1,1,1,182,817,205,276
Beta_1.95,M435,515,0,0,0,183,830,202,278
Beta_1.95,M436,523,1,0,0,165,833,196,290
Beta_1.95,M437,517,1,0,0,173,828,222,297
Beta_1.95,M438,516,0,0,0,170,827,236,287
Beta_1.95,M439,494,0,0,0,164,864,257,250
Beta_1.95,M440,482,1,0,0,154,886,295,184
Beta_1.95,M441,492,1,0,0,179,876,304,163
Beta_1.95,M442,486,1,0,0,164,906,274,149
Beta_1.95,M443,457,0,1,0,149,927,283,132
Beta_1.95,M444,478,0,1,0,172,894,279,129
Beta_1.95,M445,488,0,1,0,171,901,281,116
Beta_1.95,M446,484,0,0,1,162,887,282,110
Beta_1.95,M447,461,0,0,1,161,883,282,109
Beta_1.95,M448,468,1,0,0,171,883,276,110
Beta_1.95,M449,471,2,0,0,178,880,288,110
Beta_1.95,M450,494,2,0,0,188,871,282,107
Beta_1.95,M451,448,1,1,0,182,859,290,101
Beta_1.95,M452,476,1,2,0,153,890,302,103
Beta_1.95,M453,479,1,2,0,164,869,310,94
Beta_1.95,M454,475,0,0,0,172,861,314,89
Beta_1.95,M455,465,0,0,0,179,829,348,82
Beta_1.95,M456,461,0,0,0,189,765,400,69
Beta_1.95,M457,500,1,0,0,179,761,406,65
Beta_1.95,M458,498,1,0,0,186,770,420,58
Beta_1.95,M459,484,1,0,0,195,780,429,53
Beta_1.95,M460,510,3,0,0,198,781,427,51
Beta_1.95,M461,513,1,1,0,187,782,442,45
Beta_1.95,M462,512,2,2,0,216,792,448,41
Beta_1.95,M463,517,1,2,0,224,819,444,37
Beta_1.95,M464,521,3,2,0,234,835,409,67
Beta_1.95,M465,531,3,3,0,239,826,394,90
Beta_1.95,M466,541,1,1,1,234,836,376,106
Beta_1.95,M467,557,0,1,1,236,826,361,126
Beta_1.95,M468,529,0,1,1,226,832,320,167
Beta_1.95,M469,559,1,0,1,221,829,237,244
Beta_1.95,M470,527,0,0,1,224,826,194,260
Beta_1.95,M471,526,1,0,1,224,832,198,249
Beta_1.95,M472,542,1,0,1,221,826,198,245
Beta_1.95,M473,537,1,0,0,208,826,190,244
Beta_1.95,M474,506,0,0,0,212,827,183,264
Beta_1.95,M475,540,0,0,0,215,834,191,263
Beta_1.95,M476,557,0,0,0,210,820,200,306
Beta_1.95,M477,522,0,0,0,226,804,224,295
Beta_1.95,M478,541,0,0,0,242,815,251,276
Beta_1.95,M479,544,1,0,0,249,838,308,181
Beta_1.95,M480,532,1,0,0,280,833,333,157
Beta_1.95,M481,510,3,0,0,275,901,272,145
Beta_1.95,M482,501,2,1,0,274,921,252,134
Beta_1.95,M483,505,2,1,0,323,871,254,127
Beta_1.95,M484,492,0,2,1,327,871,256,116
Beta_1.95,M485,466,1,2,1,256,883,254,109
Beta_1.95,M486,493,1,0,1,245,891,259,100
Beta_1.95,M487,478,1,0,0,260,884,251,97
Beta_1.95,M488,476,2,1,0,250,902,264,93
Beta_1.95,M489,466,0,1,0,251,878,278,92
Beta_1.95,M490,485,0,0,0,253,897,277,86
Beta_1.95,M491,456,1,0,0,253,894,282,83
Beta_1.95,M492,450,1,0,0,250,895,284,78
Beta_1.95,M493,475,0,0,0,257,899,290,80
Beta_1.95,M494,452,1,2,0,286,887,310,79
Beta_1.95,M495,460,1,1,0,283,866,348,65
Beta_1.95,M496,476,2,1,0,271,819,417,62
Beta_1.95,M497,480,1,2,0,277,821,423,57
Beta_1.95,M498,475,1,0,0,263,832,419,50
Beta_1.95,M499,489,1,0,0,277,829,422,46
Beta_1.95,M500,487,2,0,0,272,826,427,36
Beta_1.95,M501,493,2,0,0,275,843,424,38
Beta_1.95,M502,495,0,1,0,276,831,431,34
Beta_1.95,M503,522,2,1,0,282,825,436,29
Beta_1.95,M504,514,1,1,0,288,819,434,25
Beta_1.95,M505,504,1,0,1,293,804,400,57
Beta_1.95,M506,523,0,1,1,297,799,388,78
Beta_1.95,M507,555,0,1,1,299,790,354,103
Beta_1.95,M508,568,0,1,0,302,794,324,131
Beta_1.95,M509,577,0,0,1,320,795,266,173
Beta_1.95,M510,552,1,0,1,325,790,176,252
Beta_1.95,M511,580,1,0,0,319,799,183,239
Beta_1.95,M512,572,1,1,0,322,805,180,225
Beta_1.95,M513,552,2,0,0,325,801,174,236
Beta_1.95,M514,542,2,0,0,333,802,175,260
Beta_1.95,M515,555,2,0,0,344,793,179,294
Beta_1.95,M516,528,1,2,0,331,810,215,276
Beta_1.95,M517,536,3,1,0,319,815,278,224
Beta_1.95,M518,534,3,1,0,325,819,333,158
Beta_1.95,M519,508,3,0,0,328,862,296,147
Beta_1.95,M520,494,2,1,0,352,875,273,135
Beta_1.95,M521,533,0,2,0,358,878,250,125
Beta_1.95,M522,510,0,1,1,405,863,252,118
Beta_1.95,M523,499,1,1,1,387,857,245,110
Beta_1.95,M524,492,0,0,1,385,876,240,106
Beta_1.95,M525,500,1,1,0,354,889,244,103
Beta_1.95,M526,495,1,1,0,353,896,262,93
Beta_1.95,M527,506,2,1,0,349,901,264,85
Beta_1.95,M528,463,2,1,0,345,919,266,77
Beta_1.95,M529,478,2,1,0,338,927,260,72
Beta_1.95,M530,459,2,0,0,360,939,267,68
Beta_1.95,M531,466,1,0,0,363,918,270,64
Beta_1.95,M532,451,0,0,0,345,915,274,59
Beta_1.95,M533,457,0,0,0,351,916,274,57
Beta_1.95,M534,464,0,0,0,350,896,278,59
Beta_1.95,M535,483,0,0,0,373,875,308,59
Beta_1.95,M536,503,0,0,0,381,821,354,53
Beta_1.95,M537,471,0,0,0,361,793,391,45
Beta_1.95,M538,488,1,0,0,362,800,389,44
Beta_1.95,M539,503,1,0,0,376,804,398,39
Beta_1.95,M540,524,1,0,0,362,817,399,36
Beta_1.95,M541,510,0,1,0,358,834,394,32
Beta_1.95,M542,534,0,1,0,370,833,398,25
Beta_1.95,M543,533,1,0,1,381,825,407,24
Beta_1.95,M544,541,2,0,1,386,816,407,21
Beta_1.95,M545,522,3,0,1,385,805,413,20
Beta_1.95,M546,539,2,1,0,388,802,380,51
Beta_1.95,M547,545,2,1,0,402,805,322,94
Beta_1.95,M548,506,0,2,0,402,806,256,154
Beta_1.95,M549,521,1,1,1,401,786,201,220
Beta_1.95,M550,533,3,0,1,402,768,219,211
Beta_1.95,M551,541,3,1,0,416,767,238,193
Beta_1.95,M552,517,2,0,0,406,777,249,164
Beta_1.95,M553,500,1,0,0,403,819,209,163
Beta_1.95,M554,525,3,1,0,398,860,197,180
Beta_1.95,M555,533,2,1,0,434,818,202,186
Beta_1.95,M556,533,3,0,0,426,836,209,173
Beta_1.95,M557,514,2,2,0,408,837,246,137
Beta_1.95,M558,536,3,2,0,398,836,246,127
Beta_1.95,M559,499,2,2,0,403,878,240,121
Beta_1.95,M560,497,2,1,1,407,913,219,112
Beta_1.95,M561,510,1,0,1,441,886,224,109
Beta_1.95,M562,508,1,0,0,456,894,213,102
Beta_1.95,M563,508,0,0,0,447,904,207,96
Beta_1.95,M564,514,0,0,0,439,906,209,92
Beta_1.95,M565,509,0,0,0,436,900,211,84
Beta_1.95,M566,506,0,0,0,422,910,214,78
Beta_1.95,M567,489,0,0,0,415,916,213,71
Beta_1.95,M568,500,0,0,0,398,949,218,67
Beta_1.95,M569,512,0,0,0,412,960,201,65
Beta_1.95,M570,492,0,0,0,420,944,217,58
Beta_1.95,M571,490,0,0,0,429,941,220,55
Beta_1.95,M572,485,0,0,0,415,942,232,52
Beta_1.95,M573,498,0,0,0,412,932,245,48
Beta_1.95,M574,504,1,0,0,437,906,274,45
Beta_1.95,M575,508,1,0,0,443,848,337,39
Beta_1.95,M576,486,2,0,0,458,816,361,39
Beta_1.95,M577,485,3,0,0,465,798,369,37
Beta_1.95,M578,499,3,0,0,474,787,358,37
Beta_1.95,M579,490,1,1,0,473,789,353,30
Beta_1.95,M580,500,1,2,0,467,802,358,30
Beta_1.95,M581,492,3,2,0,462,796,380,21
Beta_1.95,M582,503,3,0,1,466,800,396,21
Beta_1.95,M583,519,2,0,1,447,798,396,20
Beta_1.95,M584,498,2,0,1,449,824,382,15
Beta_1.95,M585,530,2,0,0,453,844,352,15
Beta_1.95,M586,534,0,2,0,451,849,334,13
Beta_1.95,M587,513,2,2,0,478,833,270,61
Beta_1.95,M588,523,2,0,1,476,833,225,89
Beta_1.95,M589,531,2,1,1,467,832,188,114
Beta_1.95,M590,536,2,2,1,470,824,162,130
Beta_1.95,M591,526,3,0,0,469,838,157,126
Beta_1.95,M592,513,3,0,0,461,858,154,130
Beta_1.95,M593,525,0,2,0,461,862,149,148
Beta_1.95,M594,532,0,2,0,462,860,149,155
Beta_1.95,M595,540,0,2,0,470,875,142,156
Beta_1.95,M596,532,0,1,1,440,895,173,126
Beta_1.95,M597,507,1,0,0,447,895,186,111
Beta_1.95,M598,543,1,0,0,463,907,183,106
Beta_1.95,M599,538,0,0,0,480,939,160,100
Beta_1.95,M600,530,0,0,0,514,920,159,93
Beta_2.05,M300,304,2,0,0,36,646,227,109
Beta_2.05,M301,302,2,1,0,41,641,217,103
Beta_2.05,M302,285,1,1,0,35,647,211,97
Beta_2.05,M303,285,0,2,0,25,662,205,92
Beta_2.05,M304,305,0,2,0,35,651,203,80
Beta_2.05,M305,295,0,1,0,40,655,205,69
Beta_2.05,M306,309,0,1,0,36,669,219,65
Beta_2.05,M307,296,0,0,0,35,650,226,66
Beta_2.05,M308,304,0,0,0,30,657,230,70
Beta_2.05,M309,318,0,0,0,38,649,250,75
Beta_2.05,M310,335,0,0,0,40,645,250,80
Beta_2.05,M311,339,0,0,0,48,666,256,83
Beta_2.05,M312,328,0,0,0,48,674,268,89
Beta_2.05,M313,326,1,0,0,54,673,252,94
Beta_2.05,M314,325,1,0,0,49,657,260,97
Beta_2.05,M315,320,1,0,0,63,650,243,103
Beta_2.05,M316,316,0,1,0,58,653,249,109
Beta_2.05,M317,319,0,1,0,56,649,259,117
Beta_2.05,M318,308,0,0,0,69,661,255,123
Beta_2.05,M319,311,0,0,0,70,667,254,131
Beta_2.05,M320,308,0,0,0,84,659,242,138
Beta_2.05,M321,306,0,0,0,87,673,219,149
Beta_2.05,M322,286,0,0,0,100,705,212,157
Beta_2.05,M323,292,0,0,0,107,680,216,165
Beta_2.05,M324,291,0,0,0,136,678,206,176
Beta_2.05,M325,303,0,0,0,123,711,204,191
Beta_2.05,M326,300,0,0,0,109,720,196,194
Beta_2.05,M327,291,1,0,0,85,750,197,197
Beta_2.05,M328,282,1,0,0,87,731,217,206
Beta_2.05,M329,306,1,0,0,77,716,228,203
Beta_2.05,M330,296,2,1,0,81,711,240,191
Beta_2.05,M331,303,2,1,0,78,690,246,196
Beta_2.05,M332,321,1,2,0,71,714,244,213
Beta_2.05,M333,320,1,2,0,66,703,260,174
Beta_2.05,M334,314,1,2,0,70,690,255,215
Beta_2.05,M335,333,2,0,1,73,679,257,204
Beta_2.05,M336,318,2,0,1,71,669,257,207
Beta_2.05,M337,330,1,1,1,61,720,289,161
Beta_2.05,M338,335,0,2,1,58,718,320,135
Beta_2.05,M339,357,0,1,0,57,754,295,120
Beta_2.05,M340,369,0,0,0,57,750,291,106
Beta_2.05,M341,364,1,0,0,93,696,295,104
Beta_2.05,M342,361,1,0,0,71,721,289,87
Beta_2.05,M343,367,1,0,0,59,715,273,91
Beta_2.05,M344,350,0,1,0,65,702,262,90
Beta_2.05,M345,345,0,1,0,70,707,234,80
Beta_2.05,M346,348,1,0,1,69,725,221,66
Beta_2.05,M347,338,1,0,1,62,730,227,49
Beta_2.05,M348,340,2,0,1,73,738,230,43
Beta_2.05,M349,348,1,1,1,81,746,226,43
Beta_2.05,M350,350,1,1,0,79,742,231,46
Beta_2.05,M351,341,0,0,0,72,752,228,51
Beta_2.05,M352,370,0,0,0,78,758,228,58
Beta_2.05,M353,362,0,0,0,77,774,211,61
Beta_2.05,M354,376,0,0,0,84,788,205,64
Beta_2.05,M355,368,0,0,0,94,762,213,71
Beta_2.05,M356,366,0,0,0,99,772,210,79
Beta_2.05,M357,363,0,0,0,100,787,216,83
Beta_2.05,M358,359,0,0,0,99,783,222,89
Beta_2.05,M359,368,0,0,0,93,779,213,97
Beta_2.05,M360,346,1,0,0,118,790,223,100
Beta_2.05,M361,364,1,0,0,123,786,218,111
Beta_2.05,M362,370,2,0,0,116,806,223,117
Beta_2.05,M363,358,1,1,0,107,781,238,128
Beta_2.05,M364,372,1,1,0,113,771,240,140
Beta_2.05,M365,376,0,2,0,130,768,253,146
Beta_2.05,M366,375,0,1,0,150,752,265,161
Beta_2.05,M367,388,0,0,0,148,751,258,169
Beta_2.05,M368,382,1,0,0,114,786,230,184
Beta_2.05,M369,375,1,0,0,113,805,227,198
Beta_2.05,M370,405,1,0,0,117,794,226,206
Beta_2.05,M371,388,1,0,0,111,781,262,209
Beta_2.05,M372,403,2,0,0,102,792,262,205
Beta_2.05,M373,391,1,1,0,104,794,259,206
Beta_2.05,M374,386,0,2,0,107,776,269,199
Beta_2.05,M375,390,0,2,0,110,739,286,183
Beta_2.05,M376,401,1,1,1,98,737,280,214
Beta_2.05,M377,381,2,0,1,96,730,282,194
Beta_2.05,M378,393,3,0,1,93,742,258,193
Beta_2.05,M379,378,3,1,1,98,737,252,193
Beta_2.05,M380,390,2,2,1,87,765,311,126
Beta_2.05,M381,407,1,1,0,97,763,326,111
Beta_2.05,M382,404,0,1,0,100,841,277,89
Beta_2.05,M383,402,1,1,0,117,801,279,75
Beta_2.05,M384,420,1,0,0,125,817,252,63
Beta_2.05,M385,404,1,0,0,124,835,199,77
Beta_2.05,M386,428,0,1,0,116,847,175,75
Beta_2.05,M387,429,0,1,0,133,842,175,64
Beta_2.05,M388,401,0,0,1,125,837,171,54
Beta_2.05,M389,406,0,0,1,129,842,168,37
Beta_2.05,M390,397,0,0,1,134,841,171,29
Beta_2.05,M391,387,0,0,1,126,843,174,23
Beta_2.05,M392,417,0,0,0,125,852,179,28
Beta_2.05,M393,397,2,0,0,122,856,186,31
Beta_2.05,M394,394,3,0,0,127,847,197,35
Beta_2.05,M395,411,3,0,0,130,843,212,42
Beta_2.05,M396,396,1,1,0,126,829,220,45
Beta_2.05,M397,432,0,2,0,140,832,237,52
Beta_2.05,M398,432,1,1,0,147,822,237,56
Beta_2.05,M399,441,1,1,0,141,823,258,60
Beta_2.05,M400,443,2,0,0,136,826,257,68
Beta_2.05,M401,459,1,0,0,144,832,267,73
Beta_2.05,M402,448,1,0,0,128,837,279,78
Beta_2.05,M403,446,0,1,0,118,832,291,86
Beta_2.05,M404,434,0,1,0,119,843,295,93
Beta_2.05,M405,447,1,0,0,113,851,291,104
Beta_2.05,M406,436,1,0,0,101,857,282,113
Beta_2.05,M407,473,1,0,0,96,854,279,123
Beta_2.05,M408,464,1,1,0,112,828,251,139
Beta_2.05,M409,454,1,1,0,117,855,252,151
Beta_2.05,M410,442,1,1,0,140,825,232,176
Beta_2.05,M411,441,0,0,0,151,814,208,191
Beta_2.05,M412,441,1,0,0,135,846,185,205
Beta_2.05,M413,434,1,0,0,136,878,189,205
Beta_2.05,M414,426,3,0,0,150,866,192,220
Beta_2.05,M415,441,2,1,0,162,846,219,208
Beta_2.05,M416,437,0,2,0,153,837,201,223
Beta_2.05,M417,425,0,1,0,148,846,185,194
Beta_2.05,M418,428,0,1,0,147,840,167,177
Beta_2.05,M419,424,0,0,1,137,852,172,202
Beta_2.05,M420,439,0,0,1,137,850,177,186
Beta_2.05,M421,437,0,0,1,131,867,172,183
Beta_2.05,M422,426,0,0,1,129,876,226,132
Beta_2.05,M423,419,0,0,0,144,886,245,107
Beta_2.05,M424,422,2,0,0,138,916,224,85
Beta_2.05,M425,430,3,0,0,162,904,212,72
Beta_2.05,M426,416,4,0,0,199,883,204,57
Beta_2.05,M427,432,2,2,0,172,891,181,55
Beta_2.05,M428,432,1,3,0,176,885,152,64
Beta_2.05,M429,454,0,2,0,168,885,164,57
Beta_2.05,M430,444,1,2,0,184,879,163,45
Beta_2.05,M431,437,2,0,1,178,892,156,27
Beta_2.05,M432,444,2,0,1,183,898,169,13
Beta_2.05,M433,445,1,0,0,181,909,189,9
Beta_2.05,M434,467,0,1,0,168,924,193,8
Beta_2.05,M435,448,0,0,0,171,925,205,11
Beta_2.05,M436,457,0,0,0,172,910,217,17
Beta_2.05,M437,451,0,0,0,178,896,229,21
Beta_2.05,M438,478,0,0,0,173,900,241,24
Beta_2.05,M439,482,0,0,0,172,896,233,28
Beta_2.05,M440,471,2,0,0,172,868,242,33
Beta_2.05,M441,481,2,0,0,177,877,259,41
Beta_2.05,M442,497,1,0,0,188,856,250,46
Beta_2.05,M443,478,0,1,0,183,846,264,51
Beta_2.05,M444,482,0,1,0,186,842,277,62
Beta_2.05,M445,481,1,0,0,189,833,273,67
Beta_2.05,M446,476,1,0,0,217,840,279,73
Beta_2.05,M447,489,1,0,0,224,859,279,80
Beta_2.05,M448,488,0,1,0,243,874,241,90
Beta_2.05,M449,475,0,1,0,248,895,222,98
Beta_2.05,M450,492,0,0,0,250,906,201,112
Beta_2.05,M451,494,0,0,0,235,908,181,124
Beta_2.05,M452,484,0,0,0,250,920,174,142
Beta_2.05,M453,482,0,0,0,239,949,161,163
Beta_2.05,M454,499,0,0,0,202,957,128,195
Beta_2.05,M455,485,1,0,0,212,966,106,206
Beta_2.05,M456,469,2,0,0,209,945,123,224
Beta_2.05,M457,487,2,0,0,204,945,144,225
Beta_2.05,M458,464,1,2,0,221,921,166,229
Beta_2.05,M459,477,1,2,0,232,907,158,223
Beta_2.05,M460,481,1,1,0,229,906,158,179
Beta_2.05,M461,456,1,1,1,243,900,153,204
Beta_2.05,M462,464,1,1,1,250,900,145,197
Beta_2.05,M463,471,1,0,1,258,913,138,184
Beta_2.05,M464,503,1,1,1,240,912,177,143
Beta_2.05,M465,486,1,0,0,228,952,203,108
Beta_2.05,M466,481,1,0,0,235,961,194,85
Beta_2.05,M467,484,2,0,0,238,982,182,69
Beta_2.05,M468,469,1,1,0,259,947,189,51
Beta_2.05,M469,482,1,0,0,264,923,164,54
Beta_2.05,M470,501,0,1,0,251,937,133,62
Beta_2.05,M471,500,1,1,0,262,917,141,53
Beta_2.05,M472,497,1,1,0,253,879,159,44
Beta_2.05,M473,507,0,0,1,267,884,145,29
Beta_2.05,M474,495,1,0,1,275,866,165,8
Beta_2.05,M475,494,1,0,0,276,868,176,2
Beta_2.05,M476,478,0,1,0,277,875,193,2
Beta_2.05,M477,477,1,1,0,297,846,216,3
Beta_2.05,M478,473,1,1,0,300,876,198,8
Beta_2.05,M479,480,1,0,0,297,909,182,9
Beta_2.05,M480,499,0,1,0,299,917,194,8
Beta_2.05,M481,487,0,1,0,305,932,190,10
Beta_2.05,M482,498,0,0,0,294,929,193,14
Beta_2.05,M483,498,0,0,0,288,921,198,19
Beta_2.05,M484,523,0,0,0,281,908,217,23
Beta_2.05,M485,495,2,0,0,270,905,241,31
Beta_2.05,M486,518,1,0,0,267,899,247,35
Beta_2.05,M487,519,1,0,0,263,890,243,43
Beta_2.05,M488,513,0,1,0,284,884,232,51
Beta_2.05,M489,505,1,1,0,289,877,245,57
Beta_2.05,M490,518,2,0,0,303,872,235,66
Beta_2.05,M491,510,3,0,0,313,883,220,75
Beta_2.05,M492,506,3,1,0,331,871,222,86
Beta_2.05,M493,526,3,1,0,337,877,214,96
Beta_2.05,M494,532,1,1,0,340,892,190,111
Beta_2.05,M495,553,0,0,0,343,915,176,133
Beta_2.05,M496,542,0,0,0,343,912,157,169
Beta_2.05,M497,532,0,0,0,359,906,126,204
Beta_2.05,M498,559,2,0,0,365,917,124,224
Beta_2.05,M499,564,2,0,0,369,891,135,232
Beta_2.05,M500,576,0,2,0,350,905,136,236
Beta_2.05,M501,561,0,1,0,339,917,131,194
Beta_2.05,M502,554,2,1,0,353,893,128,205
Beta_2.05,M503,557,1,0,1,366,879,123,246
Beta_2.05,M504,540,1,0,1,362,858,122,267
Beta_2.05,M505,528,0,1,1,347,835,119,249
Beta_2.05,M506,509,0,1,0,357,820,181,169
Beta_2.05,M507,499,1,0,0,363,826,232,114
Beta_2.05,M508,497,1,0,0,352,894,194,87
Beta_2.05,M509,492,2,0,0,386,903,185,69
Beta_2.05,M510,469,2,1,0,438,850,190,47
Beta_2.05,M511,477,2,1,0,421,865,152,48
Beta_2.05,M512,463,1,1,0,386,900,97,60
Beta_2.05,M513,480,0,2,0,399,884,107,52
Beta_2.05,M514,499,0,1,0,415,868,88,41
Beta_2.05,M515,487,2,0,1,411,850,103,28
Beta_2.05,M516,493,2,0,1,408,845,120,4
Beta_2.05,M517,491,2,0,0,429,844,119,0
Beta_2.05,M518,482,0,2,0,428,849,136,0
Beta_2.05,M519,495,1,0,0,436,837,145,0
Beta_2.05,M520,485,3,0,0,441,856,143,1
Beta_2.05,M521,482,3,0,0,448,835,150,2
Beta_2.05,M522,491,3,0,0,456,844,150,4
Beta_2.05,M523,504,3,1,0,441,840,164,2
Beta_2.05,M524,514,2,1,0,439,831,164,2
Beta_2.05,M525,530,1,0,0,420,849,169,4
Beta_2.05,M526,531,1,0,0,412,845,199,6
Beta_2.05,M527,538,0,0,0,425,822,232,9
Beta_2.05,M528,557,0,0,0,424,805,264,13
Beta_2.05,M529,560,0,0,0,423,795,292,20
Beta_2.05,M530,552,0,0,0,424,792,289,26
Beta_2.05,M531,568,0,0,0,450,772,278,34
Beta_2.05,M532,558,1,0,0,459,794,274,42
Beta_2.05,M533,559,0,0,0,454,811,264,49
Beta_2.05,M534,565,0,0,0,454,809,253,59
Beta_2.05,M535,531,1,0,0,447,815,255,71
Beta_2.05,M536,537,1,0,0,441,796,258,84
Beta_2.05,M537,518,1,0,0,454,809,257,100
Beta_2.05,M538,533,0,1,0,464,799,188,167
Beta_2.05,M539,513,0,0,0,471,812,144,186
Beta_2.05,M540,551,2,0,0,477,802,123,205
Beta_2.05,M541,553,2,0,0,483,815,114,213
Beta_2.05,M542,538,2,1,0,513,817,146,199
Beta_2.05,M543,561,3,2,0,518,782,179,188
Beta_2.05,M544,554,2,2,0,516,798,175,149
Beta_2.05,M545,529,1,1,1,522,826,144,131
Beta_2.05,M546,538,1,0,1,526,809,130,144
Beta_2.05,M547,536,1,0,1,534,795,125,168
Beta_2.05,M548,538,0,1,0,502,834,134,151
Beta_2.05,M549,544,1,0,0,523,826,154,119
Beta_2.05,M550,526,1,0,0,517,843,173,90
Beta_2.05,M551,535,4,0,0,529,815,184,70
Beta_2.05,M552,525,5,0,0,526,818,169,46
Beta_2.05,M553,518,4,0,0,543,796,137,46
Beta_2.05,M554,504,3,2,0,540,781,87,54
Beta_2.05,M555,500,2,3,0,538,786,81,50
Beta_2.05,M556,506,2,1,1,519,793,72,39
Beta_2.05,M557,519,1,1,1,522,802,74,29
Beta_2.05,M558,517,0,2,1,525,772,83,9
Beta_2.05,M559,512,0,0,0,535,771,96,0
Beta_2.05,M560,520,0,0,0,524,784,118,1
Beta_2.05,M561,557,0,0,0,517,802,115,1
Beta_2.05,M562,547,1,0,0,514,830,126,0
Beta_2.05,M563,534,0,0,0,517,791,140,0
Beta_2.05,M564,544,0,0,0,534,819,143,0
Beta_2.05,M565,516,0,0,0,542,824,164,0
Beta_2.05,M566,511,0,0,0,549,814,180,0
Beta_2.05,M567,499,0,0,0,537,746,262,0
Beta_2.05,M568,493,1,0,0,545,762,279,0
Beta_2.05,M569,520,1,0,0,545,748,271,2
Beta_2.05,M570,528,1,0,0,550,739,263,2
Beta_2.05,M571,536,0,1,0,567,691,295,8
Beta_2.05,M572,526,1,1,0,575,692,288,7
Beta_2.05,M573,543,1,0,0,595,701,300,12
Beta_2.05,M574,560,6,0,0,597,715,283,17
Beta_2.05,M575,547,4,1,0,597,726,275,28
Beta_2.05,M576,545,1,1,0,589,740,247,34
Beta_2.05,M577,548,0,1,0,594,738,211,44
Beta_2.05,M578,544,1,0,0,596,754,182,59
Beta_2.05,M579,556,1,0,0,602,766,158,75
Beta_2.05,M580,555,1,0,0,587,777,135,105
Beta_2.05,M581,560,1,0,0,591,770,143,110
Beta_2.05,M582,570,3,0,0,584,743,174,105
Beta_2.05,M583,552,3,0,0,580,738,187,105
Beta_2.05,M584,557,1,2,0,579,737,175,111
Beta_2.05,M585,568,1,2,0,580,740,165,112
Beta_2.05,M586,559,3,1,0,577,737,149,107
Beta_2.05,M587,567,3,0,1,574,726,150,87
Beta_2.05,M588,547,3,1,1,564,769,145,79
Beta_2.05,M589,541,3,2,1,541,773,128,95
Beta_2.05,M590,542,3,2,0,547,755,125,114
Beta_2.05,M591,533,0,1,0,551,756,122,119
Beta_2.05,M592,547,1,0,0,556,770,126,94
Beta_2.05,M593,550,1,0,0,568,761,133,70
Beta_2.05,M594,517,2,0,0,571,754,135,47
Beta_2.05,M595,536,1,0,0,579,783,129,45
Beta_2.05,M596,511,0,1,0,607,774,112,51
Beta_2.05,M597,497,0,1,0,623,734,109,50
Beta_2.05,M598,503,0,0,1,632,747,74,39
Beta_2.05,M599,498,0,0,1,634,704,108,28
Beta_2.05,M600,507,0,0,1,632,657,142,12
Beta_2.10,M300,422,1,0,1,120,770,247,96
Beta_2.10,M301,390,1,0,2,122,764,234,73
Beta_2.10,M302,401,1,1,0,135,771,239,77
Beta_2.10,M303,376,1,1,0,138,770,244,82
Beta_2.10,M304,390,1,1,0,132,763,250,87
Beta_2.10,M305,380,0,1,0,142,779,257,96
Beta_2.10,M306,381,0,1,0,150,770,257,99
Beta_2.10,M307,405,1,1,0,151,771,283,105
Beta_2.10,M308,392,1,0,0,160,754,279,106
Beta_2.10,M309,373,1,0,0,151,729,303,118
Beta_2.10,M310,408,0,1,0,160,724,307,124
Beta_2.10,M311,398,0,1,0,161,733,298,134
Beta_2.10,M312,398,2,0,0,157,752,282,143
Beta_2.10,M313,382,2,0,0,178,765,263,152
Beta_2.10,M314,396,2,0,0,178,783,246,155
Beta_2.10,M315,405,2,1,0,163,788,263,169
Beta_2.10,M316,394,1,1,0,144,812,245,173
Beta_2.10,M317,421,1,1,0,148,825,222,153
Beta_2.10,M318,409,0,2,0,153,805,233,168
Beta_2.10,M319,423,0,1,1,160,800,236,152
Beta_2.10,M320,417,1,0,1,159,805,241,127
Beta_2.10,M321,407,1,0,1,166,799,250,86
Beta_2.10,M322,393,1,0,1,162,800,242,125
Beta_2.10,M323,390,1,1,0,158,805,226,161
Beta_2.10,M324,389,3,1,0,160,787,233,151
Beta_2.10,M325,378,3,0,0,160,794,224,145
Beta_2.10,M326,376,1,2,0,164,806,278,78
Beta_2.10,M327,390,0,3,0,168,829,274,50
Beta_2.10,M328,390,0,2,0,183,856,217,49
Beta_2.10,M329,406,1,0,0,205,825,245,48
Beta_2.10,M330,409,1,0,0,198,796,246,46
Beta_2.10,M331,393,0,0,0,182,830,240,44
Beta_2.10,M332,411,0,0,0,171,851,209,43
Beta_2.10,M333,438,1,0,0,175,855,208,40
Beta_2.10,M334,431,1,0,0,191,871,194,45
Beta_2.10,M335,425,2,0,0,185,877,204,44
Beta_2.10,M336,453,2,1,0,177,903,194,49
Beta_2.10,M337,428,2,1,0,168,888,214,51
Beta_2.10,M338,450,1,1,0,164,881,209,58
Beta_2.10,M339,424,1,2,0,152,881,218,66
Beta_2.10,M340,434,2,0,0,138,855,223,77
Beta_2.10,M341,429,1,1,0,149,835,231,94
Beta_2.10,M342,432,0,2,0,144,853,239,87
Beta_2.10,M343,435,0,2,0,144,856,226,78
Beta_2.10,M344,450,2,1,1,156,850,244,69
Beta_2.10,M345,456,0,0,1,166,833,245,53
Beta_2.10,M346,451,1,0,1,168,831,257,55
Beta_2.10,M347,452,1,0,0,167,839,282,61
Beta_2.10,M348,480,0,0,0,167,839,271,64
Beta_2.10,M349,444,0,0,0,167,845,254,71
Beta_2.10,M350,476,0,0,0,169,871,244,77
Beta_2.10,M351,466,0,0,0,189,874,237,82
Beta_2.10,M352,466,2,0,0,184,878,237,90
Beta_2.10,M353,462,1,0,0,188,883,238,100
Beta_2.10,M354,449,1,0,0,188,866,245,110
Beta_2.10,M355,474,1,1,0,186,868,248,115
Beta_2.10,M356,435,2,1,0,201,867,226,129
Beta_2.10,M357,447,2,0,0,210,864,221,140
Beta_2.10,M358,467,2,1,0,211,847,215,149
Beta_2.10,M359,443,1,2,0,200,843,205,164
Beta_2.10,M360,447,0,2,0,207,858,184,175
Beta_2.10,M361,439,0,1,0,218,891,169,179
Beta_2.10,M362,456,1,1,0,210,903,157,180
Beta_2.10,M363,449,0,0,1,188,924,156,184
Beta_2.10,M364,467,0,0,1,177,935,167,155
Beta_2.10,M365,466,1,0,1,176,934,164,89
Beta_2.10,M366,465,2,0,1,177,929,171,112
Beta_2.10,M367,458,2,0,0,171,930,182,142
Beta_2.10,M368,460,1,1,0,173,911,181,154
Beta_2.10,M369,478,0,2,0,162,920,187,143
Beta_2.10,M370,466,0,1,0,160,919,261,78
Beta_2.10,M371,481,0,0,0,160,907,289,50
Beta_2.10,M372,454,2,0,0,161,954,242,50
Beta_2.10,M373,466,2,0,0,192,944,225,46
Beta_2.10,M374,462,2,0,0,193,919,218,43
Beta_2.10,M375,459,0,2,0,166,922,211,40
Beta_2.10,M376,474,1,2,0,174,918,219,39
Beta_2.10,M377,477,1,1,0,179,922,219,41
Beta_2.10,M378,474,1,0,0,183,931,241,37
Beta_2.10,M379,479,0,0,0,184,914,267,38
Beta_2.10,M380,481,0,0,0,181,925,244,37
Beta_2.10,M381,501,0,0,0,181,924,255,37
Beta_2.10,M382,468,1,0,0,192,930,235,40
Beta_2.10,M383,475,1,0,0,200,929,231,44
Beta_2.10,M384,475,3,0,0,189,927,235,52
Beta_2.10,M385,478,2,1,0,185,909,230,60
Beta_2.10,M386,486,2,1,0,205,901,215,57
Beta_2.10,M387,479,2,3,0,202,903,220,49
Beta_2.10,M388,522,2,2,1,210,890,218,45
Beta_2.10,M389,489,2,0,1,205,904,217,31
Beta_2.10,M390,491,0,2,1,215,885,229,34
Beta_2.10,M391,521,0,1,0,212,880,220,38
Beta_2.10,M392,509,0,0,0,221,913,221,47
Beta_2.10,M393,491,0,0,0,225,908,232,51
Beta_2.10,M394,487,0,0,0,225,905,251,54
Beta_2.10,M395,510,1,0,0,225,945,231,58
Beta_2.10,M396,471,0,0,0,210,940,220,70
Beta_2.10,M397,482,2,0,0,238,952,209,77
Beta_2.10,M398,480,2,0,0,245,965,184,87
Beta_2.10,M399,500,2,0,0,246,946,180,94
Beta_2.10,M400,489,0,2,0,252,946,174,108
Beta_2.10,M401,479,0,2,0,255,949,176,123
Beta_2.10,M402,502,1,0,0,247,937,177,138
Beta_2.10,M403,478,2,0,0,255,946,165,156
Beta_2.10,M404,502,1,1,0,246,959,156,173
Beta_2.10,M405,488,2,1,0,249,971,140,168
Beta_2.10,M406,502,1,2,0,248,981,122,189
Beta_2.10,M407,495,2,0,1,255,960,157,189
Beta_2.10,M408,518,2,1,1,255,944,178,175
Beta_2.10,M409,503,1,1,1,248,975,163,112
Beta_2.10,M410,499,0,1,1,236,973,153,113
Beta_2.10,M411,488,1,1,0,236,987,173,138
Beta_2.10,M412,496,0,0,0,226,959,173,155
Beta_2.10,M413,482,0,0,0,219,966,178,148
Beta_2.10,M414,477,1,0,0,215,970,249,82
Beta_2.10,M415,482,1,0,0,211,976,287,52
Beta_2.10,M416,477,1,0,0,203,1029,233,50
Beta_2.10,M417,492,2,0,0,249,983,209,48
Beta_2.10,M418,442,2,1,0,259,952,213,43
Beta_2.10,M419,477,4,0,0,239,942,209,41
Beta_2.10,M420,461,1,1,0,260,930,199,39
Beta_2.10,M421,453,0,1,0,261,926,190,37
Beta_2.10,M422,476,0,1,0,266,943,183,36
Beta_2.10,M423,462,0,0,0,270,964,163,35
Beta_2.10,M424,498,0,0,0,263,960,170,32
Beta_2.10,M425,473,0,0,0,262,965,202,33
Beta_2.10,M426,452,1,0,0,248,994,184,33
Beta_2.10,M427,470,1,0,0,246,999,180,35
Beta_2.10,M428,442,4,0,0,275,997,166,40
Beta_2.10,M429,469,3,1,0,276,1002,142,43
Beta_2.10,M430,464,2,1,0,292,999,136,39
Beta_2.10,M431,470,0,3,1,310,976,152,31
Beta_2.10,M432,451,0,1,1,311,980,162,18
Beta_2.10,M433,497,0,0,1,307,964,178,8
Beta_2.10,M434,489,0,0,0,295,956,195,12
Beta_2.10,M435,497,0,0,0,283,930,220,16
Beta_2.10,M436,518,0,0,0,284,927,230,22
Beta_2.10,M437,512,1,0,0,292,922,241,28
Beta_2.10,M438,507,1,0,0,290,917,251,36
Beta_2.10,M439,545,2,0,0,282,933,254,42
Beta_2.10,M440,524,1,1,0,297,952,259,47
Beta_2.10,M441,509,0,1,0,285,955,253,56
Beta_2.10,M442,543,1,0,0,274,982,239,63
Beta_2.10,M443,522,1,0,0,267,1014,231,73
Beta_2.10,M444,543,1,1,0,271,1020,217,86
Beta_2.10,M445,511,2,1,0,279,987,248,97
Beta_2.10,M446,547,4,1,0,277,958,229,123
Beta_2.10,M447,526,3,1,0,282,958,211,135
Beta_2.10,M448,524,1,2,0,299,939,185,163
Beta_2.10,M449,545,1,1,0,315,940,170,177
Beta_2.10,M450,520,2,1,0,300,951,165,188
Beta_2.10,M451,513,2,0,1,299,972,155,195
Beta_2.10,M452,530,2,0,1,302,962,169,188
Beta_2.10,M453,510,1,1,1,312,983,158,172
Beta_2.10,M454,511,0,1,1,322,954,141,170
Beta_2.10,M455,479,0,0,0,322,945,125,210
Beta_2.10,M456,515,0,0,0,317,968,121,220
Beta_2.10,M457,486,0,0,0,296,1006,110,227
Beta_2.10,M458,490,2,0,0,298,1010,231,92
Beta_2.10,M459,461,2,0,0,309,1016,252,56
Beta_2.10,M460,475,2,0,0,321,1129,137,54
Beta_2.10,M461,462,3,1,0,406,1017,120,49
Beta_2.10,M462,449,1,2,0,378,1011,113,50
Beta_2.10,M463,432,0,0,0,340,990,120,48
Beta_2.10,M464,448,0,0,0,341,979,120,43
Beta_2.10,M465,445,0,0,0,346,977,124,46
Beta_2.10,M466,436,0,0,0,362,971,134,53
Beta_2.10,M467,453,0,0,0,360,964,134,40
Beta_2.10,M468,443,0,1,0,355,969,144,40
Beta_2.10,M469,491,2,0,0,376,978,157,36
Beta_2.10,M470,474,4,0,0,374,982,172,34
Beta_2.10,M471,486,3,0,0,359,982,168,33
Beta_2.10,M472,481,2,1,0,355,993,167,38
Beta_2.10,M473,475,0,2,0,337,1019,153,35
Beta_2.10,M474,505,1,2,0,334,1042,155,28
Beta_2.10,M475,512,3,0,1,346,1035,153,18
Beta_2.10,M476,512,4,0,1,339,997,184,5
Beta_2.10,M477,521,5,0,0,342,1005,201,1
Beta_2.10,M478,504,2,3,0,340,969,242,2
Beta_2.10,M479,529,1,1,0,342,976,243,3
Beta_2.10,M480,524,0,2,0,332,925,267,13
Beta_2.10,M481,522,1,1,0,330,909,303,12
Beta_2.10,M482,544,1,0,0,329,884,299,13
Beta_2.10,M483,535,2,0,0,341,881,303,20
Beta_2.10,M484,528,1,1,0,378,885,308,26
Beta_2.10,M485,525,1,0,0,371,892,296,34
Beta_2.10,M486,541,1,0,0,358,943,285,42
Beta_2.10,M487,531,0,0,0,370,952,285,50
Beta_2.10,M488,534,1,0,0,384,994,265,62
Beta_2.10,M489,510,2,0,0,384,1002,218,74
Beta_2.10,M490,507,2,0,0,399,1002,115,134
Beta_2.10,M491,537,3,0,0,427,998,109,149
Beta_2.10,M492,526,1,2,0,422,965,114,154
Beta_2.10,M493,525,1,1,0,418,977,115,169
Beta_2.10,M494,491,1,2,0,411,973,152,153
Beta_2.10,M495,508,0,0,1,410,978,166,150
Beta_2.10,M496,501,0,0,1,436,975,161,152
Beta_2.10,M497,534,0,0,1,435,995,170,131
Beta_2.10,M498,487,0,0,1,452,980,167,105
Beta_2.10,M499,522,0,0,0,455,980,178,105
Beta_2.10,M500,503,0,0,0,471,980,174,119
Beta_2.10,M501,528,0,0,0,469,970,188,118
Beta_2.10,M502,514,0,0,0,460,969,223,84
Beta_2.10,M503,465,2,0,0,430,1023,213,67
Beta_2.10,M504,490,3,0,0,444,1050,165,76
Beta_2.10,M505,490,4,0,0,447,1008,154,90
Beta_2.10,M506,494,2,2,0,444,955,160,76
Beta_2.10,M507,494,2,1,0,447,977,158,60
Beta_2.10,M508,488,0,1,0,445,976,151,46
Beta_2.10,M509,467,0,0,0,436,980,147,39
Beta_2.10,M510,477,2,0,0,433,975,167,39
Beta_2.10,M511,468,3,0,0,425,921,183,34
Beta_2.10,M512,493,2,1,0,432,899,205,34
Beta_2.10,M513,499,2,2,0,447,894,183,31
Beta_2.10,M514,481,2,2,0,468,858,175,35
Beta_2.10,M515,502,1,2,0,489,878,167,36
Beta_2.10,M516,472,1,1,0,489,898,172,35
Beta_2.10,M517,484,1,1,0,448,943,179,29
Beta_2.10,M518,477,1,1,1,440,968,186,23
Beta_2.10,M519,487,2,1,1,464,950,187,11
Beta_2.10,M520,480,3,0,0,452,976,185,2
Beta_2.10,M521,504,3,0,0,460,946,184,4
Beta_2.10,M522,480,1,1,0,461,927,188,2
Beta_2.10,M523,528,1,1,0,470,907,189,0
Beta_2.10,M524,510,0,0,0,471,905,197,0
Beta_2.10,M525,525,0,0,0,458,917,207,0
Beta_2.10,M526,505,0,0,0,460,912,227,2
Beta_2.10,M527,510,0,0,0,468,914,213,4
Beta_2.10,M528,524,2,0,0,473,908,231,7
Beta_2.10,M529,509,1,0,0,485,923,216,12
Beta_2.10,M530,521,0,0,0,509,911,213,20
Beta_2.10,M531,513,0,0,0,508,910,214,27
Beta_2.10,M532,529,0,0,0,511,909,229,40
Beta_2.10,M533,509,2,0,0,504,902,222,57
Beta_2.10,M534,501,3,0,0,485,957,208,73
Beta_2.10,M535,511,3,0,0,508,948,214,71
Beta_2.10,M536,539,1,1,0,499,959,218,71
Beta_2.10,M537,526,0,1,0,524,940,235,66
Beta_2.10,M538,530,0,0,1,518,943,227,87
Beta_2.10,M539,518,0,0,1,518,941,200,94
Beta_2.10,M540,515,1,0,1,514,916,199,93
Beta_2.10,M541,516,2,0,1,523,924,203,95
Beta_2.10,M542,532,2,1,0,544,895,195,107
Beta_2.10,M543,514,4,1,0,562,845,236,87
Beta_2.10,M544,506,3,2,0,569,832,245,63
Beta_2.10,M545,507,2,1,1,567,829,245,56
Beta_2.10,M546,512,0,3,0,555,848,240,28
Beta_2.10,M547,503,1,2,0,531,878,208,43
Beta_2.10,M548,501,1,0,0,546,946,164,60
Beta_2.10,M549,496,2,0,0,540,947,153,58
Beta_2.10,M550,489,2,0,0,529,956,159,49
Beta_2.10,M551,472,1,0,0,530,898,151,45
Beta_2.10,M552,456,0,1,0,548,877,144,45
Beta_2.10,M553,476,1,1,0,565,855,132,42
Beta_2.10,M554,469,1,0,0,566,864,135,38
Beta_2.10,M555,463,1,0,0,546,864,135,40
Beta_2.10,M556,463,1,1,0,548,891,114,34
Beta_2.10,M557,474,2,1,0,546,871,111,32
Beta_2.10,M558,461,2,1,0,540,856,103,34
Beta_2.10,M559,465,2,1,0,557,853,94,32
Beta_2.10,M560,457,1,1,0,549,826,114,29
Beta_2.10,M561,461,0,0,1,552,821,131,23
Beta_2.10,M562,480,0,0,1,549,832,152,11
Beta_2.10,M563,460,2,0,0,576,838,169,4
Beta_2.10,M564,481,2,0,0,569,831,176,0
Beta_2.10,M565,497,3,0,0,567,840,194,0
Beta_2.10,M566,501,1,0,0,564,862,220,0
Beta_2.10,M567,508,2,0,0,574,850,223,0
Beta_2.10,M568,514,1,0,0,582,822,257,0
Beta_2.10,M569,494,0,0,0,542,875,271,0
Beta_2.10,M570,476,0,0,0,516,908,272,0
Beta_2.10,M571,476,0,0,0,548,917,267,0
Beta_2.10,M572,479,0,0,0,559,882,256,0
Beta_2.10,M573,469,1,0,0,589,829,271,1
Beta_2.10,M574,475,1,0,0,601,791,318,4
Beta_2.10,M575,488,1,0,0,619,777,306,11
Beta_2.10,M576,480,2,1,0,608,830,281,22
Beta_2.10,M577,476,5,1,0,610,818,224,37
Beta_2.10,M578,460,5,0,0,589,880,175,51
Beta_2.10,M579,485,2,3,0,595,914,155,46
Beta_2.10,M580,487,0,4,0,608,844,148,46
Beta_2.10,M581,469,1,2,0,617,819,130,55
Beta_2.10,M582,499,2,0,2,602,825,134,50
Beta_2.10,M583,484,1,0,1,599,809,141,45
Beta_2.10,M584,490,0,1,1,586,804,161,42
Beta_2.10,M585,474,0,1,1,594,822,143,38
Beta_2.10,M586,453,0,0,0,575,839,137,39
Beta_2.10,M587,459,2,0,0,571,815,138,35
Beta_2.10,M588,460,2,0,0,573,824,143,27
Beta_2.10,M589,455,2,1,0,569,808,156,18
Beta_2.10,M590,470,1,1,0,577,777,194,4
Beta_2.10,M591,462,0,1,0,578,776,158,9
Beta_2.10,M592,457,1,0,0,578,820,148,26
Beta_2.10,M593,458,2,0,0,586,827,123,41
Beta_2.10,M594,460,1,0,0,584,803,140,57
Beta_2.10,M595,479,1,0,0,560,803,149,53
Beta_2.10,M596,428,1,0,0,550,819,143,50
Beta_2.10,M597,452,1,0,0,536,836,158,43
Beta_2.10,M598,442,2,0,0,543,839,167,41
Beta_2.10,M599,454,2,1,0,550,846,164,38
Beta_2.10,M600,436,4,0,0,566,836,168,36
Beta_2.15,M300,484,0,1,1,233,803,397,96
Beta_2.15,M301,487,0,1,0,218,837,376,101
Beta_2.15,M302,475,0,1,0,228,837,367,110
Beta_2.15,M303,485,5,0,0,252,814,364,118
Beta_2.15,M304,502,5,0,0,238,829,353,127
Beta_2.15,M305,503,3,2,0,223,833,358,129
Beta_2.15,M306,493,0,3,0,225,860,335,143
Beta_2.15,M307,507,0,3,0,220,880,324,142
Beta_2.15,M308,498,0,0,1,213,864,320,156
Beta_2.15,M309,509,0,0,1,218,885,312,138
Beta_2.15,M310,489,0,0,1,211,897,287,149
Beta_2.15,M311,523,0,0,1,223,887,271,136
Beta_2.15,M312,501,1,0,0,226,899,269,101
Beta_2.15,M313,513,1,0,0,221,889,270,61
Beta_2.15,M314,527,1,0,0,239,897,270,58
Beta_2.15,M315,503,0,0,0,249,891,263,54
Beta_2.15,M316,513,0,0,0,252,883,256,51
Beta_2.15,M317,498,1,0,0,250,877,329,8
Beta_2.15,M318,521,1,0,0,247,917,305,2
Beta_2.15,M319,520,2,0,0,233,947,305,10
Beta_2.15,M320,526,2,1,0,260,920,312,16
Beta_2.15,M321,518,2,0,0,256,919,296,28
Beta_2.15,M322,514,1,1,0,254,913,299,39
Beta_2.15,M323,489,1,1,0,259,898,301,36
Beta_2.15,M324,492,1,0,0,251,896,308,33
Beta_2.15,M325,496,1,0,0,259,875,320,31
Beta_2.15,M326,477,1,0,0,263,860,332,29
Beta_2.15,M327,522,1,0,0,272,857,345,26
Beta_2.15,M328,513,1,0,0,286,836,373,27
Beta_2.15,M329,493,1,1,0,297,827,382,25
Beta_2.15,M330,519,1,1,0,298,840,388,25
Beta_2.15,M331,491,1,0,0,313,844,385,24
Beta_2.15,M332,507,0,1,0,314,852,356,24
Beta_2.15,M333,530,0,1,0,306,864,365,30
Beta_2.15,M334,492,0,0,0,331,836,374,33
Beta_2.15,M335,493,2,0,0,315,876,386,36
Beta_2.15,M336,511,2,0,0,300,884,403,44
Beta_2.15,M337,503,4,0,0,307,879,408,51
Beta_2.15,M338,519,1,2,0,283,887,403,63
Beta_2.15,M339,504,1,2,0,278,888,398,67
Beta_2.15,M340,524,1,1,0,273,915,381,70
Beta_2.15,M341,518,0,1,0,273,927,361,78
Beta_2.15,M342,524,1,0,1,267,923,351,77
Beta_2.15,M343,526,1,0,1,279,925,352,72
Beta_2.15,M344,524,0,0,1,281,939,354,68
Beta_2.15,M345,555,0,0,1,278,927,349,61
Beta_2.15,M346,567,0,0,0,266,908,333,69
Beta_2.15,M347,545,0,0,0,261,907,336,78
Beta_2.15,M348,544,0,0,0,253,889,339,85
Beta_2.15,M349,556,3,0,0,256,901,340,96
Beta_2.15,M350,534,3,0,0,257,904,338,109
Beta_2.15,M351,535,2,1,0,260,934,302,122
Beta_2.15,M352,551,0,3,0,272,943,265,135
Beta_2.15,M353,541,0,1,0,282,942,249,155
Beta_2.15,M354,530,0,0,1,282,931,226,150
Beta_2.15,M355,521,0,0,1,292,936,218,162
Beta_2.15,M356,557,0,0,1,295,948,216,163
Beta_2.15,M357,525,0,0,1,289,930,218,145
Beta_2.15,M358,523,0,0,0,285,925,203,126
Beta_2.15,M359,523,1,0,0,295,941,199,108
Beta_2.15,M360,528,2,0,0,301,940,198,73
Beta_2.15,M361,539,2,0,0,305,938,190,66
Beta_2.15,M362,528,1,1,0,304,963,182,60
Beta_2.15,M363,543,0,2,0,294,974,211,14
Beta_2.15,M364,549,0,1,0,279,1035,182,7
Beta_2.15,M365,552,0,0,0,263,1039,199,7
Beta_2.15,M366,543,1,0,0,295,988,219,7
Beta_2.15,M367,540,1,0,0,302,1011,225,5
Beta_2.15,M368,537,1,0,0,293,1007,239,13
Beta_2.15,M369,550,0,1,0,286,1003,248,30
Beta_2.15,M370,521,0,1,0,282,996,282,37
Beta_2.15,M371,523,1,0,0,281,1003,280,33
Beta_2.15,M372,510,2,0,0,277,1012,284,29
Beta_2.15,M373,514,3,0,0,295,1025,269,26
Beta_2.15,M374,518,2,0,0,306,1025,276,24
Beta_2.15,M375,519,0,1,0,299,1030,291,22
Beta_2.15,M376,528,0,0,0,309,999,282,20
Beta_2.15,M377,525,0,0,0,318,975,293,19
Beta_2.15,M378,522,1,0,0,323,987,300,18
Beta_2.15,M379,517,1,0,0,328,975,295,17
Beta_2.15,M380,503,2,0,0,319,989,317,17
Beta_2.15,M381,530,2,0,0,319,994,288,21
Beta_2.15,M382,514,1,0,0,324,1004,299,26
Beta_2.15,M383,533,1,1,0,343,1002,294,30
Beta_2.15,M384,551,1,1,0,360,978,288,33
Beta_2.15,M385,522,1,0,0,363,965,281,39
Beta_2.15,M386,533,0,1,0,377,964,283,42
Beta_2.15,M387,531,0,1,0,380,964,296,44
Beta_2.15,M388,528,0,0,1,377,964,305,42
Beta_2.15,M389,537,0,0,1,378,980,289,42
Beta_2.15,M390,566,0,0,1,365,984,289,37
Beta_2.15,M391,533,2,0,1,376,995,300,36
Beta_2.15,M392,557,2,0,0,378,1006,291,43
Beta_2.15,M393,543,2,0,0,364,1017,277,51
Beta_2.15,M394,578,0,2,0,334,1066,265,60
Beta_2.15,M395,550,3,1,0,337,1080,254,70
Beta_2.15,M396,579,3,0,0,344,1061,250,84
Beta_2.15,M397,577,3,0,0,345,1047,230,101
Beta_2.15,M398,573,1,1,0,334,1047,225,116
Beta_2.15,M399,596,1,1,0,338,1052,205,137
Beta_2.15,M400,568,0,1,1,345,1078,187,153
Beta_2.15,M401,575,0,0,1,349,1083,156,162
Beta_2.15,M402,575,1,0,1,340,1103,148,149
Beta_2.15,M403,586,1,0,1,333,1094,142,160
Beta_2.15,M404,576,1,0,0,332,1090,145,190
Beta_2.15,M405,563,0,0,0,325,1073,187,191
Beta_2.15,M406,593,1,0,0,322,1050,216,180
Beta_2.15,M407,582,3,0,0,321,1040,241,140
Beta_2.15,M408,581,3,0,0,318,1008,290,96
Beta_2.15,M409,588,2,0,0,342,1046,329,27
Beta_2.15,M410,566,1,1,0,363,1071,238,22
Beta_2.15,M411,575,1,1,0,348,1055,241,10
Beta_2.15,M412,566,1,0,0,384,1044,210,7
Beta_2.15,M413,570,1,0,0,360,1038,192,6
Beta_2.15,M414,530,2,1,0,381,1036,183,6
Beta_2.15,M415,532,3,0,0,397,1030,173,4
Beta_2.15,M416,538,2,0,0,388,1031,187,11
Beta_2.15,M417,541,1,0,0,402,1029,192,23
Beta_2.15,M418,524,0,1,0,418,1024,193,37
Beta_2.15,M419,518,0,0,0,416,1033,187,31
Beta_2.15,M420,526,0,0,0,422,1050,197,28
Beta_2.15,M421,509,1,0,0,436,1049,192,25
Beta_2.15,M422,531,1,0,0,440,1062,183,22
Beta_2.15,M423,517,2,0,0,438,1068,188,20
Beta_2.15,M424,532,1,1,0,451,1093,176,17
Beta_2.15,M425,532,1,0,0,436,1103,187,17
Beta_2.15,M426,550,1,1,0,460,1089,189,16
Beta_2.15,M427,548,1,1,0,471,1089,189,15
Beta_2.15,M428,565,1,0,0,476,1089,211,17
Beta_2.15,M429,597,2,1,0,474,1060,224,19
Beta_2.15,M430,587,2,0,0,480,1067,226,25
Beta_2.15,M431,590,1,1,0,424,1149,201,24
Beta_2.15,M432,583,0,1,0,421,1164,200,26
Beta_2.15,M433,594,2,1,0,412,1160,219,21
Beta_2.15,M434,590,1,0,1,406,1130,253,17
Beta_2.15,M435,588,1,0,1,405,1140,274,11
Beta_2.15,M436,602,0,0,1,403,1136,293,8
Beta_2.15,M437,601,2,0,0,394,1107,289,12
Beta_2.15,M438,614,2,0,0,384,1093,293,19
Beta_2.15,M439,616,3,0,0,377,1080,298,29
Beta_2.15,M440,618,1,1,0,378,1066,306,42
Beta_2.15,M441,608,4,0,0,395,1071,303,56
Beta_2.15,M442,601,3,0,0,382,1059,286,72
Beta_2.15,M443,617,3,0,0,403,1052,254,78
Beta_2.15,M444,578,2,2,0,404,1032,252,69
Beta_2.15,M445,606,1,3,0,419,1013,244,65
Beta_2.15,M446,617,2,1,1,434,1019,229,61
Beta_2.15,M447,598,1,1,1,436,1014,216,59
Beta_2.15,M448,588,1,1,1,434,1006,203,65
Beta_2.15,M449,588,0,1,1,404,1023,188,70
Beta_2.15,M450,601,0,0,0,410,1031,175,72
Beta_2.15,M451,598,1,0,0,420,1025,176,71
Beta_2.15,M452,600,1,0,0,420,1032,163,62
Beta_2.15,M453,582,2,0,0,434,1052,168,55
Beta_2.15,M454,601,0,1,0,442,1058,156,29
Beta_2.15,M455,594,2,0,0,447,1061,156,17
Beta_2.15,M456,576,2,0,0,455,1076,127,23
Beta_2.15,M457,579,1,1,0,479,1070,131,25
Beta_2.15,M458,585,1,1,0,461,1055,128,21
Beta_2.15,M459,588,0,0,0,452,1066,137,15
Beta_2.15,M460,559,1,0,0,447,1103,130,11
Beta_2.15,M461,586,1,0,0,467,1143,128,10
Beta_2.15,M462,571,1,0,0,456,1130,134,4
Beta_2.15,M463,554,0,1,0,463,1126,145,2
Beta_2.15,M464,576,1,0,0,458,1158,123,10
Beta_2.15,M465,577,2,0,0,447,1163,131,20
Beta_2.15,M466,557,1,0,0,455,1143,142,34
Beta_2.15,M467,573,0,1,0,461,1118,177,30
Beta_2.15,M468,583,0,0,0,476,1112,177,26
Beta_2.15,M469,575,1,0,0,468,1104,172,22
Beta_2.15,M470,564,1,1,0,481,1104,196,20
Beta_2.15,M471,577,1,0,0,476,1103,202,17
Beta_2.15,M472,581,5,0,0,476,1075,245,16
Beta_2.15,M473,574,5,1,0,493,1034,223,14
Beta_2.15,M474,556,3,2,0,498,1000,226,21
Beta_2.15,M475,557,2,2,0,503,983,225,29
Beta_2.15,M476,578,2,1,0,522,965,216,29
Beta_2.15,M477,574,2,2,0,548,961,191,36
Beta_2.15,M478,585,1,1,1,545,960,187,22
Beta_2.15,M479,595,1,1,1,485,1007,193,13
Beta_2.15,M480,626,1,2,1,464,1031,183,9
Beta_2.15,M481,607,1,1,0,482,1031,185,9
Beta_2.15,M482,597,1,0,0,469,1026,201,0
Beta_2.15,M483,589,1,0,0,462,1022,194,0
Beta_2.15,M484,590,2,0,0,452,1059,172,1
Beta_2.15,M485,580,3,0,0,450,1083,161,8
Beta_2.15,M486,579,4,0,0,475,1057,152,14
Beta_2.15,M487,573,3,0,0,479,1069,145,27
Beta_2.15,M488,581,2,0,0,475,1049,163,28
Beta_2.15,M489,572,0,2,0,448,1046,168,25
Beta_2.15,M490,575,2,2,0,456,1073,171,23
Beta_2.15,M491,592,2,0,1,480,1094,158,21
Beta_2.15,M492,589,2,0,1,480,1107,144,20
Beta_2.15,M493,579,1,1,1,484,1060,155,21
Beta_2.15,M494,580,0,1,0,491,1092,154,19
Beta_2.15,M495,573,0,0,0,474,1068,168,16
Beta_2.15,M496,577,3,0,0,480,1068,196,18
Beta_2.15,M497,593,4,0,0,490,1054,193,20
Beta_2.15,M498,564,2,0,0,502,1080,212,21
Beta_2.15,M499,579,1,0,0,491,1084,209,18
Beta_2.15,M500,581,0,0,0,487,1111,164,18
Beta_2.15,M501,560,0,0,0,500,1093,152,15
Beta_2.15,M502,567,0,0,0,520,1052,157,16
Beta_2.15,M503,561,1,0,0,522,1015,166,17
Beta_2.15,M504,544,3,0,0,534,985,179,24
Beta_2.15,M505,552,3,0,0,548,972,197,24
Beta_2.15,M506,569,1,2,0,591,980,176,24
Beta_2.15,M507,568,0,2,0,579,957,197,21
Beta_2.15,M508,574,1,2,0,588,941,176,12
Beta_2.15,M509,586,2,1,0,582,958,161,10
Beta_2.15,M510,568,4,0,0,553,973,177,3
Beta_2.15,M511,553,4,1,0,545,968,178,11
Beta_2.15,M512,548,3,1,0,533,962,173,13
Beta_2.15,M513,548,2,3,0,535,975,160,25
Beta_2.15,M514,539,2,1,0,543,965,135,54
Beta_2.15,M515,538,1,1,0,532,975,101,53
Beta_2.15,M516,543,1,0,0,516,1000,109,45
Beta_2.15,M517,538,1,0,0,505,998,128,34
Beta_2.15,M518,549,1,0,0,486,1011,145,31
Beta_2.15,M519,548,0,1,0,483,1022,159,23
Beta_2.15,M520,549,0,1,0,502,995,179,17
Beta_2.15,M521,554,4,0,1,511,1023,180,14
Beta_2.15,M522,567,4,0,1,504,1043,165,10
Beta_2.15,M523,564,4,0,1,498,1006,144,6
Beta_2.15,M524,568,1,1,0,524,987,147,0
Beta_2.15,M525,560,3,1,0,513,981,170,0
Beta_2.15,M526,552,2,1,0,512,1000,158,0
Beta_2.15,M527,532,1,1,0,500,1017,159,0
Beta_2.15,M528,548,1,2,0,487,1028,166,0
Beta_2.15,M529,524,3,1,0,475,1051,150,0
Beta_2.15,M530,535,3,1,0,484,1056,156,2
Beta_2.15,M531,525,1,1,0,508,1048,130,5
Beta_2.15,M532,547,0,0,0,525,1025,135,3
Beta_2.15,M533,538,0,0,0,553,996,153,0
Beta_2.15,M534,521,0,0,0,545,1011,141,0
Beta_2.15,M535,516,0,0,0,547,1020,163,0
Beta_2.15,M536,524,1,0,0,581,1005,185,0
Beta_2.15,M537,511,1,0,0,588,992,192,0
Beta_2.15,M538,525,3,0,0,583,994,195,0
Beta_2.15,M539,520,3,1,0,587,1003,176,3
Beta_2.15,M540,548,3,1,0,570,998,204,0
Beta_2.15,M541,513,1,2,0,572,966,206,2
Beta_2.15,M542,521,3,1,0,578,947,217,2
Beta_2.15,M543,530,2,1,0,573,981,193,3
Beta_2.15,M544,539,4,0,0,540,970,191,4
Beta_2.15,M545,528,2,1,0,553,981,177,8
Beta_2.15,M546,516,2,1,0,543,967,196,11
Beta_2.15,M547,524,1,1,0,494,988,189,18
Beta_2.15,M548,527,0,2,0,492,1001,190,16
Beta_2.15,M549,520,0,1,0,483,1002,202,16
Beta_2.15,M550,554,0,1,0,453,981,222,16
Beta_2.15,M551,527,1,0,0,453,963,237,23
Beta_2.15,M552,518,2,0,0,462,960,254,25
Beta_2.15,M553,527,2,0,0,462,1008,232,28
Beta_2.15,M554,505,4,1,0,461,961,242,28
Beta_2.15,M555,510,2,2,0,453,930,279,23
Beta_2.15,M556,489,1,1,0,460,927,254,19
Beta_2.15,M557,520,2,1,0,433,922,267,11
Beta_2.15,M558,503,3,1,0,433,955,247,3
Beta_2.15,M559,496,4,1,0,416,981,193,4
Beta_2.15,M560,505,2,2,0,420,962,175,14
Beta_2.15,M561,507,1,2,0,463,954,154,25
Beta_2.15,M562,491,1,2,0,473,954,156,33
Beta_2.15,M563,474,2,1,0,487,957,145,27
Beta_2.15,M564,466,2,0,1,482,970,143,22
Beta_2.15,M565,479,0,2,1,490,1010,153,14
Beta_2.15,M566,469,0,2,1,511,971,160,8
Beta_2.15,M567,469,0,2,0,539,942,182,2
Beta_2.15,M568,459,3,0,0,546,942,174,0
Beta_2.15,M569,462,4,0,0,536,941,199,0
Beta_2.15,M570,454,4,0,0,533,973,180,0
Beta_2.15,M571,499,2,2,0,532,947,177,0
Beta_2.15,M572,467,2,1,0,540,955,153,0
Beta_2.15,M573,504,3,0,0,537,962,132,0
Beta_2.15,M574,487,3,0,0,513,985,130,0
Beta_2.15,M575,469,3,1,0,516,976,139,0
Beta_2.15,M576,475,3,1,0,515,989,146,0
Beta_2.15,M577,483,3,0,0,512,996,153,0
Beta_2.15,M578,474,1,2,0,507,987,158,1
Beta_2.15,M579,478,1,2,0,508,951,184,0
Beta_2.15,M580,490,0,1,0,514,924,213,0
Beta_2.15,M581,473,0,0,0,531,940,219,0
Beta_2.15,M582,479,0,0,0,529,962,203,0
Beta_2.15,M583,487,1,0,0,518,937,251,0
Beta_2.15,M584,472,1,0,0,492,927,256,0
Beta_2.15,M585,467,1,0,0,478,886,299,0
Beta_2.15,M586,487,3,1,0,492,813,349,0
Beta_2.15,M587,474,5,2,0,463,831,359,0
Beta_2.15,M588,498,6,0,0,438,849,355,0
Beta_2.15,M589,480,3,3,0,434,879,314,0
Beta_2.15,M590,477,2,2,0,438,911,275,6
Beta_2.15,M591,454,2,1,0,447,898,241,12
Beta_2.15,M592,468,1,1,0,402,961,230,7
Beta_2.15,M593,452,0,1,0,439,929,240,10
Beta_2.15,M594,478,0,1,0,433,930,236,10
Beta_2.15,M595,492,2,0,0,445,919,218,13
Beta_2.15,M596,479,3,0,0,446,911,208,16
Beta_2.15,M597,467,4,1,0,475,934,209,21
Beta_2.15,M598,458,4,1,0,499,908,210,27
Beta_2.15,M599,431,3,1,0,492,909,212,31
Beta_2.15,M600,435,3,1,0,476,906,208,36
