Folder_name,File_name,B1_1,B1_2,B1_3,B1_4,B1_5,B2_1,B2_2,B2_3,B2_4,B2_5
Beta_0.1,u_001,36,1,1,0,1,0,2,1,3,212
Beta_0.1,u_002,39,1,1,0,1,0,2,1,3,208
Beta_0.1,u_003,34,1,1,0,1,0,2,1,4,213
Beta_0.1,u_004,42,1,1,0,1,0,1,2,3,227
Beta_0.1,u_005,40,0,0,2,0,0,1,2,4,210
Beta_0.1,u_006,35,0,0,2,0,0,1,2,4,204
Beta_0.1,u_007,36,0,0,2,0,0,1,1,5,209
Beta_0.1,u_008,34,0,0,1,0,0,1,2,4,206
Beta_0.1,u_009,35,0,0,0,0,0,1,3,5,204
Beta_0.1,u_010,32,0,0,0,0,0,1,3,5,202
Beta_0.1,u_011,35,0,0,0,0,0,1,3,5,201
Beta_0.1,u_012,41,0,0,0,0,0,1,3,6,211
Beta_0.1,u_013,44,0,0,0,0,0,2,4,7,199
Beta_0.1,u_014,48,0,0,0,0,2,1,5,7,196
Beta_0.1,u_015,44,0,0,0,0,2,3,4,7,201
Beta_0.1,u_016,52,0,0,0,0,2,2,5,6,207
Beta_0.1,u_017,54,0,0,0,0,0,3,3,7,194
Beta_0.1,u_018,57,0,0,0,0,0,3,4,6,188
Beta_0.1,u_019,58,0,0,0,0,0,2,4,6,191
Beta_0.1,u_020,56,0,0,0,0,0,1,4,6,171
Beta_0.1,u_021,57,0,0,0,0,0,2,4,6,182
Beta_0.1,u_022,65,0,0,0,0,0,1,4,6,175
Beta_0.1,u_023,64,0,0,0,0,0,2,4,5,179
Beta_0.1,u_024,63,0,0,0,0,1,1,4,4,171
Beta_0.1,u_025,68,0,0,0,0,1,1,4,3,164
Beta_0.1,u_026,65,0,0,0,0,1,2,3,3,163
Beta_0.1,u_027,71,0,0,0,0,1,2,4,2,155
Beta_0.1,u_028,77,0,0,0,0,1,2,4,2,157
Beta_0.1,u_029,77,0,0,0,0,1,2,4,4,154
Beta_0.1,u_030,83,0,0,0,0,1,3,3,4,140
Beta_0.1,u_031,91,0,0,0,0,1,4,2,4,138
Beta_0.1,u_032,80,0,0,0,0,2,3,2,4,136
Beta_0.1,u_033,87,0,0,0,0,2,3,2,5,131
Beta_0.1,u_034,96,0,0,0,0,2,3,2,5,137
Beta_0.1,u_035,101,0,0,0,0,2,3,2,5,137
Beta_0.1,u_036,112,0,0,0,0,2,3,2,5,131
Beta_0.1,u_037,116,0,0,0,0,3,3,2,5,122
Beta_0.1,u_038,118,0,0,0,0,3,3,3,3,134
Beta_0.1,u_039,118,0,0,0,0,3,4,3,2,122
Beta_0.1,u_040,112,0,0,0,0,3,3,4,1,121
Beta_0.1,u_041,93,0,0,0,0,3,3,4,2,125
Beta_0.1,u_042,98,0,0,0,0,3,3,5,1,114
Beta_0.1,u_043,98,0,0,0,0,3,2,6,1,109
Beta_0.1,u_044,100,0,0,0,0,3,1,6,2,103
Beta_0.1,u_045,99,0,0,0,0,3,1,6,2,108
Beta_0.1,u_046,100,0,0,0,0,3,1,6,2,104
Beta_0.1,u_047,102,0,0,0,0,3,1,6,3,97
Beta_0.1,u_048,101,0,0,0,0,6,0,6,4,94
Beta_0.1,u_049,95,0,0,0,0,1,1,5,4,85
Beta_0.1,u_050,87,0,0,0,0,1,1,6,3,97
Beta_0.1,u_051,83,0,0,0,0,1,1,5,4,86
Beta_0.1,u_052,88,0,0,0,0,1,1,5,4,82
Beta_0.1,u_053,93,0,0,0,0,1,2,3,6,90
Beta_0.1,u_054,85,0,0,0,0,1,2,3,6,96
Beta_0.1,u_055,86,0,0,0,0,1,2,3,6,89
Beta_0.1,u_056,94,0,0,0,0,1,2,4,5,90
Beta_0.1,u_057,91,0,0,0,0,1,2,3,6,80
Beta_0.1,u_058,108,0,0,0,0,5,1,3,5,80
Beta_0.1,u_059,105,0,0,0,0,2,1,2,7,83
Beta_0.1,u_060,108,0,0,0,0,2,0,2,7,77
Beta_0.1,u_061,113,0,0,0,0,2,0,2,8,80
Beta_0.1,u_062,104,0,0,0,0,2,0,3,5,82
Beta_0.1,u_063,104,0,0,0,0,3,0,3,5,83
Beta_0.1,u_064,105,0,0,0,0,3,1,2,5,94
Beta_0.1,u_065,105,0,0,0,0,2,1,1,6,87
Beta_0.1,u_066,104,0,0,0,0,2,1,1,5,92
Beta_0.1,u_067,101,1,0,0,0,2,1,1,5,94
Beta_0.1,u_068,103,1,0,0,0,1,2,1,5,95
Beta_0.1,u_069,100,1,0,0,0,1,2,2,4,93
Beta_0.1,u_070,97,1,0,0,0,1,2,3,3,96
Beta_0.1,u_071,90,1,0,0,0,1,2,2,4,110
Beta_0.1,u_072,97,1,0,0,0,1,2,2,4,99
Beta_0.1,u_073,91,1,0,0,0,2,2,2,4,101
Beta_0.1,u_074,93,1,0,0,0,1,2,2,4,105
Beta_0.1,u_075,87,0,1,0,0,1,2,2,4,109
Beta_0.1,u_076,94,0,1,0,0,0,3,3,3,100
Beta_0.1,u_077,88,0,1,0,0,0,3,2,3,116
Beta_0.1,u_078,84,0,1,0,0,0,4,1,3,124
Beta_0.1,u_079,83,0,1,0,2,0,4,1,2,135
Beta_0.1,u_080,80,0,1,0,0,0,3,2,1,128
Beta_0.1,u_081,77,0,1,0,0,0,3,2,1,137
Beta_0.1,u_082,78,0,1,0,0,0,4,3,0,136
Beta_0.1,u_083,81,0,0,1,0,0,3,3,0,149
Beta_0.1,u_084,80,0,0,1,1,0,4,3,0,155
Beta_0.1,u_085,75,0,0,1,1,0,4,4,0,159
Beta_0.1,u_086,74,0,0,1,0,3,1,3,1,153
Beta_0.1,u_087,75,0,0,1,0,2,1,3,1,164
Beta_0.1,u_088,73,0,0,1,0,3,1,3,1,164
Beta_0.1,u_089,69,0,0,1,0,4,1,2,2,176
Beta_0.1,u_090,68,0,0,1,0,6,1,2,2,175
Beta_0.1,u_091,60,0,0,1,0,5,1,2,2,190
Beta_0.1,u_092,64,0,0,0,1,5,0,3,3,186
Beta_0.1,u_093,70,0,0,0,2,5,0,3,3,195
Beta_0.1,u_094,68,0,0,0,2,4,0,1,5,200
Beta_0.1,u_095,69,1,0,0,2,3,0,1,4,201
Beta_0.1,u_096,62,1,0,0,2,0,0,1,5,192
Beta_0.1,u_097,61,0,0,0,2,2,0,1,4,192
Beta_0.1,u_098,68,0,0,0,2,3,0,1,4,201
Beta_0.1,u_099,62,0,0,0,2,2,0,1,4,209
Beta_0.1,u_100,65,0,0,0,1,1,0,1,5,206
Beta_0.1,u_101,66,0,0,0,1,1,0,0,7,227
Beta_0.1,u_102,62,0,0,0,1,1,0,0,7,224
Beta_0.1,u_103,53,0,0,0,1,1,0,0,5,216
Beta_0.1,u_104,55,0,0,0,1,1,0,0,5,198
Beta_0.1,u_105,47,0,0,0,1,0,0,1,4,204
Beta_0.1,u_106,41,0,0,0,1,0,0,1,4,190
Beta_0.1,u_107,55,1,0,0,1,0,0,1,4,184
Beta_0.1,u_108,47,1,0,0,2,0,0,1,4,178
Beta_0.1,u_109,46,1,0,1,0,0,0,1,4,171
Beta_0.1,u_110,44,1,0,1,0,0,0,1,3,183
Beta_0.1,u_111,44,0,1,1,0,0,0,1,3,177
Beta_0.1,u_112,44,0,0,1,0,0,0,1,4,171
Beta_0.1,u_113,44,0,0,1,0,0,0,2,2,176
Beta_0.1,u_114,41,0,0,1,0,0,0,1,4,177
Beta_0.1,u_115,39,0,0,1,0,0,0,1,4,170
Beta_0.1,u_116,33,0,0,1,0,0,0,1,4,178
Beta_0.1,u_117,34,0,0,1,0,0,0,1,4,197
Beta_0.1,u_118,38,0,0,1,0,0,0,2,4,205
Beta_0.1,u_119,36,0,0,1,0,0,0,0,6,212
Beta_0.1,u_120,34,0,1,0,0,0,0,0,7,225
Beta_0.1,u_121,36,0,1,0,5,0,0,0,7,240
Beta_0.1,u_122,43,0,1,0,0,0,0,1,6,230
Beta_0.1,u_123,34,0,1,0,0,0,0,1,4,233
Beta_0.1,u_124,35,0,1,0,0,0,0,2,3,234
Beta_0.1,u_125,35,0,1,0,0,0,0,2,3,224
Beta_0.1,u_126,39,0,1,0,0,0,0,2,3,219
Beta_0.1,u_127,39,0,1,0,0,0,0,3,2,214
Beta_0.1,u_128,42,0,1,0,0,0,0,3,2,221
Beta_0.1,u_129,42,1,0,0,0,0,0,4,2,225
Beta_0.1,u_130,42,1,0,0,0,0,1,3,0,218
Beta_0.1,u_131,41,1,0,0,0,0,1,3,0,203
Beta_0.1,u_132,39,1,0,0,0,0,1,3,1,210
Beta_0.1,u_133,39,1,0,0,0,0,1,3,2,193
Beta_0.1,u_134,40,1,0,0,0,0,1,3,2,193
Beta_0.1,u_135,42,1,0,0,0,0,1,4,3,188
Beta_0.1,u_136,37,1,0,0,1,0,1,3,3,186
Beta_0.1,u_137,41,1,0,0,0,0,2,2,3,190
Beta_0.1,u_138,40,1,0,0,0,0,2,1,4,182
Beta_0.1,u_139,39,0,0,0,0,0,2,1,4,182
Beta_0.1,u_140,37,0,0,0,0,0,2,1,6,173
Beta_0.1,u_141,40,0,0,0,0,0,2,1,7,161
Beta_0.1,u_142,47,0,0,0,0,0,1,4,5,168
Beta_0.1,u_143,51,0,0,0,0,2,2,3,5,159
Beta_0.1,u_144,49,0,0,0,0,2,2,3,5,157
Beta_0.1,u_145,51,0,0,0,0,1,2,3,5,152
Beta_0.1,u_146,62,0,0,0,0,2,1,3,4,144
Beta_0.1,u_147,61,0,0,0,0,1,1,3,3,147
Beta_0.1,u_148,53,0,0,0,0,1,1,3,3,140
Beta_0.1,u_149,60,0,0,0,0,1,1,4,2,137
Beta_0.1,u_150,60,0,0,0,0,1,2,3,3,136
Beta_0.1,u_151,59,0,0,0,0,1,1,3,3,136
Beta_0.1,u_152,57,0,0,0,0,1,1,3,3,133
Beta_0.1,u_153,58,0,0,0,0,1,1,2,4,126
Beta_0.1,u_154,64,0,0,0,0,1,1,2,5,130
Beta_0.1,u_155,70,0,0,0,0,2,1,2,5,125
Beta_0.1,u_156,62,0,0,0,0,2,1,2,5,126
Beta_0.1,u_157,62,0,0,0,0,2,2,2,4,131
Beta_0.1,u_158,68,0,0,0,0,5,2,2,4,129
Beta_0.1,u_159,72,0,0,0,0,4,3,2,3,130
Beta_0.1,u_160,79,0,0,0,0,3,3,2,3,122
Beta_0.1,u_161,89,0,0,0,0,3,3,2,3,136
Beta_0.1,u_162,103,0,0,0,0,3,3,2,2,123
Beta_0.1,u_163,97,0,0,0,0,3,3,3,1,124
Beta_0.1,u_164,98,0,0,0,0,4,3,3,1,113
Beta_0.1,u_165,93,0,0,0,0,5,4,2,1,119
Beta_0.1,u_166,89,0,0,0,0,2,4,2,1,119
Beta_0.1,u_167,80,0,0,0,0,2,3,3,1,122
Beta_0.1,u_168,86,0,0,0,0,4,3,2,1,120
Beta_0.1,u_169,75,0,0,0,0,6,3,2,1,108
Beta_0.1,u_170,68,0,0,0,0,3,3,3,0,116
Beta_0.1,u_171,73,0,0,0,0,2,4,2,0,112
Beta_0.1,u_172,83,0,0,0,0,3,4,3,0,111
Beta_0.1,u_173,85,0,0,0,0,3,4,3,1,112
Beta_0.1,u_174,80,0,0,0,0,3,3,3,1,105
Beta_0.1,u_175,85,0,0,0,0,3,2,4,1,95
Beta_0.1,u_176,84,0,0,0,0,2,2,4,2,100
Beta_0.1,u_177,96,0,0,0,0,1,3,4,2,97
Beta_0.1,u_178,98,0,0,0,0,1,4,3,2,102
Beta_0.1,u_179,98,0,0,0,0,1,5,3,2,98
Beta_0.1,u_180,93,0,0,0,0,2,3,2,3,92
Beta_0.1,u_181,94,0,0,0,0,2,3,2,3,94
Beta_0.1,u_182,90,0,0,0,0,2,3,3,3,88
Beta_0.1,u_183,98,0,0,0,0,2,2,3,3,91
Beta_0.1,u_184,103,0,0,0,0,5,2,2,5,91
Beta_0.1,u_185,105,0,0,0,0,3,2,2,5,84
Beta_0.1,u_186,99,0,0,0,0,2,3,1,5,85
Beta_0.1,u_187,95,1,0,0,0,3,0,3,6,81
Beta_0.1,u_188,95,1,0,0,0,3,0,3,6,88
Beta_0.1,u_189,93,1,0,0,0,3,0,3,6,80
Beta_0.1,u_190,89,2,0,0,0,3,1,2,5,87
Beta_0.1,u_191,93,2,0,0,0,3,1,2,4,85
Beta_0.1,u_192,84,2,0,0,0,3,1,2,4,79
Beta_0.1,u_193,88,2,0,0,0,3,1,3,2,85
Beta_0.1,u_194,86,1,1,0,0,3,1,3,2,83
Beta_0.1,u_195,83,1,1,0,0,2,2,2,1,88
Beta_0.1,u_196,87,0,2,0,0,2,2,2,1,88
Beta_0.1,u_197,79,0,2,0,0,2,2,2,3,86
Beta_0.1,u_198,78,0,2,0,0,2,2,1,5,97
Beta_0.1,u_199,78,0,1,1,0,1,2,1,6,94
Beta_0.1,u_200,72,0,1,1,0,1,2,1,6,97
Beta_0.1,u_201,70,0,1,1,0,1,3,0,7,99
Beta_0.1,u_202,74,0,1,1,0,1,3,0,7,92
Beta_0.1,u_203,68,0,1,1,0,0,4,0,6,95
Beta_0.1,u_204,65,0,0,1,0,0,3,1,6,93
Beta_0.1,u_205,64,0,0,1,0,0,3,1,2,107
Beta_0.1,u_206,64,0,0,1,0,0,3,1,2,112
Beta_0.1,u_207,59,0,0,1,0,0,2,2,2,115
Beta_0.1,u_208,57,0,0,1,3,0,2,3,0,123
Beta_0.1,u_209,59,0,0,1,1,0,2,3,0,121
Beta_0.1,u_210,62,0,0,1,1,1,1,3,0,136
Beta_0.1,u_211,59,0,0,1,1,1,1,3,0,149
Beta_0.1,u_212,59,0,0,1,0,0,1,3,1,137
Beta_0.1,u_213,62,0,0,0,1,0,1,3,1,142
Beta_0.1,u_214,60,0,0,0,1,0,1,3,1,145
Beta_0.1,u_215,66,0,0,0,1,0,1,3,1,152
Beta_0.1,u_216,60,0,0,0,1,0,1,2,2,154
Beta_0.1,u_217,61,0,0,0,1,0,1,2,2,156
Beta_0.1,u_218,59,0,0,0,1,0,1,2,2,154
Beta_0.1,u_219,58,0,0,0,1,0,1,2,2,166
Beta_0.1,u_220,63,0,0,0,1,0,1,2,2,157
Beta_0.1,u_221,53,0,0,0,1,0,0,1,3,152
Beta_0.1,u_222,53,0,0,0,1,0,0,1,3,147
Beta_0.1,u_223,63,0,0,0,2,0,0,1,3,152
Beta_0.1,u_224,51,0,0,0,1,0,0,1,3,160
Beta_0.1,u_225,54,0,0,0,1,0,0,1,2,181
Beta_0.1,u_226,52,0,0,0,1,1,0,1,2,178
Beta_0.1,u_227,46,0,0,0,2,0,0,1,3,183
Beta_0.1,u_228,42,0,0,0,1,0,0,1,3,186
Beta_0.1,u_229,51,0,0,0,1,0,0,0,4,173
Beta_0.1,u_230,47,0,0,0,0,0,0,0,3,152
Beta_0.1,u_231,48,0,0,0,0,0,0,0,3,163
Beta_0.1,u_232,47,0,0,0,0,0,0,0,3,158
Beta_0.1,u_233,47,0,0,0,0,0,0,0,3,170
Beta_0.1,u_234,44,0,0,0,0,0,0,0,3,179
Beta_0.1,u_235,47,0,0,0,0,0,0,0,3,179
Beta_0.1,u_236,41,0,0,0,0,0,0,0,3,189
Beta_0.1,u_237,44,0,0,0,0,0,0,0,3,192
Beta_0.1,u_238,39,0,0,0,0,0,0,0,2,202
Beta_0.1,u_239,43,0,0,0,0,0,0,0,2,198
Beta_0.1,u_240,40,0,0,0,0,0,0,0,3,206
Beta_0.1,u_241,38,0,0,0,0,0,0,0,2,218
Beta_0.1,u_242,31,0,0,0,0,0,0,0,2,217
Beta_0.1,u_243,37,0,0,0,0,0,0,0,2,228
Beta_0.1,u_244,37,0,0,0,0,0,0,0,2,222
Beta_0.1,u_245,36,0,0,0,0,0,0,0,2,224
Beta_0.1,u_246,36,0,0,0,0,0,0,0,4,235
Beta_0.1,u_247,34,0,0,0,1,0,0,0,4,240
Beta_0.1,u_248,36,0,0,0,2,0,0,0,4,248
Beta_0.1,u_249,40,0,0,0,0,0,0,0,4,242
Beta_0.1,u_250,35,0,0,0,1,0,0,1,2,243
Beta_0.1,u_251,40,0,0,0,0,0,0,1,2,236
Beta_0.1,u_252,47,0,0,0,0,0,0,1,2,230
Beta_0.1,u_253,39,0,0,0,0,0,0,1,2,225
Beta_0.1,u_254,45,0,0,0,0,0,0,1,2,217
Beta_0.1,u_255,43,0,0,0,0,0,0,2,1,208
Beta_0.1,u_256,41,0,0,0,0,0,0,3,0,206
Beta_0.1,u_257,39,0,0,0,0,0,0,3,1,198
Beta_0.1,u_258,39,0,0,0,0,0,1,2,1,187
Beta_0.1,u_259,39,0,0,0,0,0,1,2,1,184
Beta_0.1,u_260,44,0,0,0,0,0,1,2,2,184
Beta_0.1,u_261,43,0,0,0,0,0,1,2,2,171
Beta_0.1,u_262,43,0,0,0,0,0,1,1,3,172
Beta_0.1,u_263,44,0,0,0,0,0,2,0,3,171
Beta_0.1,u_264,46,0,0,0,0,0,2,0,3,160
Beta_0.1,u_265,45,0,0,0,0,0,2,0,3,161
Beta_0.1,u_266,46,0,0,0,0,0,2,1,4,158
Beta_0.1,u_267,43,0,0,0,0,0,2,1,4,152
Beta_0.1,u_268,45,0,0,0,0,0,2,1,4,144
Beta_0.1,u_269,46,0,0,0,0,0,2,2,4,142
Beta_0.1,u_270,48,0,0,0,0,0,2,2,4,131
Beta_0.1,u_271,47,0,0,0,0,0,2,2,3,124
Beta_0.1,u_272,53,0,0,0,0,1,1,3,3,128
Beta_0.1,u_273,57,0,0,0,0,3,0,3,2,123
Beta_0.1,u_274,66,0,0,0,0,2,0,3,2,122
Beta_0.1,u_275,66,0,0,0,0,1,0,4,2,124
Beta_0.1,u_276,74,0,0,0,0,1,0,4,2,120
Beta_0.1,u_277,64,0,0,0,0,1,0,4,2,118
Beta_0.1,u_278,67,0,0,0,0,1,1,4,2,115
Beta_0.1,u_279,63,0,0,0,0,1,1,4,2,111
Beta_0.1,u_280,59,0,0,0,0,1,1,2,4,113
Beta_0.1,u_281,61,0,0,0,0,1,1,2,4,116
Beta_0.1,u_282,66,0,0,0,0,1,1,2,4,111
Beta_0.1,u_283,68,0,0,0,0,1,1,2,4,115
Beta_0.1,u_284,61,0,0,0,0,1,2,2,3,113
Beta_0.1,u_285,57,0,0,0,0,2,2,2,3,120
Beta_0.1,u_286,51,0,0,0,0,1,2,2,3,115
Beta_0.1,u_287,53,0,0,0,0,2,2,2,3,116
Beta_0.1,u_288,65,0,0,0,0,2,2,2,3,105
Beta_0.1,u_289,72,0,0,0,0,2,2,2,2,104
Beta_0.1,u_290,78,0,0,0,0,2,3,2,1,108
Beta_0.1,u_291,70,0,0,0,0,4,3,2,1,108
Beta_0.1,u_292,65,0,0,0,0,0,3,2,1,101
Beta_0.1,u_293,65,0,0,0,0,0,4,1,1,104
Beta_0.1,u_294,61,0,0,0,0,0,4,1,1,102
Beta_0.1,u_295,77,0,0,0,0,0,4,1,1,107
Beta_0.1,u_296,74,0,0,0,0,1,4,1,0,96
Beta_0.1,u_297,82,0,0,0,0,1,4,1,0,93
Beta_0.1,u_298,78,0,0,0,0,1,4,1,0,88
Beta_0.1,u_299,80,0,0,0,0,1,4,1,1,92
Beta_0.1,u_300,78,0,0,0,0,1,3,2,1,92
Beta_0.1,u_301,76,0,0,0,0,1,2,3,1,90
Beta_0.1,u_302,84,0,0,0,0,1,2,3,1,95
Beta_0.1,u_303,86,0,0,0,0,1,2,3,1,97
Beta_0.1,u_304,88,0,0,0,0,1,1,4,1,93
Beta_0.1,u_305,94,0,0,0,0,1,1,4,1,94
Beta_0.1,u_306,95,0,0,0,0,1,1,4,1,97
Beta_0.1,u_307,91,0,0,0,0,1,1,4,1,90
Beta_0.1,u_308,106,0,0,0,0,1,1,5,1,97
Beta_0.1,u_309,97,1,0,0,0,2,1,4,3,90
Beta_0.1,u_310,95,1,0,0,0,2,1,3,4,84
Beta_0.1,u_311,98,1,0,0,0,4,1,3,4,85
Beta_0.1,u_312,90,1,0,0,0,1,1,2,5,84
Beta_0.1,u_313,91,1,0,0,0,1,1,1,6,84
Beta_0.1,u_314,96,1,0,0,0,4,0,1,6,87
Beta_0.1,u_315,85,1,0,0,0,2,0,1,6,91
Beta_0.1,u_316,85,1,0,0,0,2,1,0,6,89
Beta_0.1,u_317,80,1,0,0,0,2,1,1,5,84
Beta_0.1,u_318,77,0,1,0,0,2,1,2,3,84
Beta_0.1,u_319,79,0,1,0,0,2,1,2,2,87
Beta_0.1,u_320,83,0,1,0,0,1,2,2,2,83
Beta_0.1,u_321,91,0,1,0,0,1,2,2,2,87
Beta_0.1,u_322,86,0,1,0,0,1,2,2,0,91
Beta_0.1,u_323,83,0,1,0,0,1,2,2,0,94
Beta_0.1,u_324,74,0,1,0,0,1,2,2,0,88
Beta_0.1,u_325,76,0,1,0,0,1,2,2,0,88
Beta_0.1,u_326,76,0,1,0,0,1,3,1,1,93
Beta_0.1,u_327,73,0,0,1,0,1,3,1,2,95
Beta_0.1,u_328,70,0,0,1,0,1,3,1,2,88
Beta_0.1,u_329,67,0,0,1,0,0,3,2,2,87
Beta_0.1,u_330,66,0,0,1,0,0,3,2,2,93
Beta_0.1,u_331,63,0,0,1,0,0,3,1,2,88
Beta_0.1,u_332,56,0,0,1,0,0,3,1,2,94
Beta_0.1,u_333,57,0,0,1,0,0,3,1,2,105
Beta_0.1,u_334,56,0,0,1,0,0,2,2,2,98
Beta_0.1,u_335,63,0,0,0,2,1,1,2,2,105
Beta_0.1,u_336,59,0,0,0,1,1,1,2,2,102
Beta_0.1,u_337,57,0,0,0,1,1,1,2,2,112
Beta_0.1,u_338,58,0,0,0,2,1,0,3,2,143
Beta_0.1,u_339,57,0,0,0,2,0,1,3,2,135
Beta_0.1,u_340,54,1,0,0,2,0,1,3,2,160
Beta_0.1,u_341,54,1,0,0,2,0,1,3,1,162
Beta_0.1,u_342,54,1,0,0,2,0,1,2,2,153
Beta_0.1,u_343,52,1,0,0,2,1,1,2,2,150
Beta_0.1,u_344,57,1,0,0,1,0,1,2,2,138
Beta_0.1,u_345,55,0,1,0,1,0,1,2,2,146
Beta_0.1,u_346,59,0,1,0,1,0,1,1,2,146
Beta_0.1,u_347,53,0,1,0,1,0,1,0,3,159
Beta_0.1,u_348,43,0,1,0,1,0,0,1,3,145
Beta_0.1,u_349,49,0,1,0,1,0,0,1,3,137
Beta_0.1,u_350,50,0,0,1,1,0,0,1,3,131
Beta_0.1,u_351,45,0,0,1,1,0,0,1,3,127
Beta_0.1,u_352,44,0,0,1,1,0,0,1,2,123
Beta_0.1,u_353,40,0,0,2,4,0,0,1,2,115
Beta_0.1,u_354,44,0,0,2,0,0,0,1,2,123
Beta_0.1,u_355,35,0,0,2,0,0,0,1,1,124
Beta_0.1,u_356,41,0,0,1,1,0,0,0,1,121
Beta_0.1,u_357,39,0,0,1,1,0,0,0,2,126
Beta_0.1,u_358,40,0,0,1,1,0,0,0,2,140
Beta_0.1,u_359,37,0,0,1,1,0,0,0,3,143
Beta_0.1,u_360,39,0,0,1,1,0,0,0,3,151
Beta_0.1,u_361,41,0,0,1,1,0,0,0,3,168
Beta_0.1,u_362,34,0,0,1,1,0,0,0,3,160
Beta_0.1,u_363,35,0,0,1,1,0,0,0,3,177
Beta_0.1,u_364,33,0,1,0,1,0,0,0,3,194
Beta_0.1,u_365,34,0,1,0,1,0,0,0,2,177
Beta_0.1,u_366,41,0,1,0,1,0,0,0,2,199
Beta_0.1,u_367,40,0,1,0,1,0,0,0,3,211
Beta_0.1,u_368,36,0,1,0,1,0,0,0,2,213
Beta_0.1,u_369,34,0,1,0,2,0,0,0,2,204
Beta_0.1,u_370,30,0,1,0,1,0,0,0,2,207
Beta_0.1,u_371,34,0,1,0,0,0,0,0,2,209
Beta_0.1,u_372,46,0,1,0,0,0,0,0,2,225
Beta_0.1,u_373,43,1,0,0,0,0,0,0,2,230
Beta_0.1,u_374,37,1,0,0,2,0,0,0,2,233
Beta_0.1,u_375,39,1,0,0,0,0,0,0,2,216
Beta_0.1,u_376,42,1,0,0,0,0,0,1,1,215
Beta_0.1,u_377,45,1,0,0,1,0,0,1,0,217
Beta_0.1,u_378,47,1,0,0,0,0,0,1,0,206
Beta_0.1,u_379,49,1,0,0,0,0,0,1,1,203
Beta_0.1,u_380,48,1,0,0,0,0,0,1,1,204
Beta_0.1,u_381,45,1,0,0,0,0,0,1,1,201
Beta_0.1,u_382,41,1,0,0,0,0,0,1,2,193
Beta_0.1,u_383,44,0,0,0,0,0,0,1,2,192
Beta_0.1,u_384,45,0,0,0,0,0,0,1,2,193
Beta_0.1,u_385,47,0,0,0,0,0,1,0,3,178
Beta_0.1,u_386,43,0,0,0,0,0,1,0,3,176
Beta_0.1,u_387,49,0,0,0,0,0,2,0,3,171
Beta_0.1,u_388,41,0,0,0,0,0,2,0,3,161
Beta_0.1,u_389,46,0,0,0,0,1,1,0,3,157
Beta_0.1,u_390,44,0,0,0,0,1,1,0,3,149
Beta_0.1,u_391,47,0,0,0,0,0,2,1,3,146
Beta_0.1,u_392,43,0,0,0,0,0,2,1,4,142
Beta_0.1,u_393,47,0,0,0,0,0,2,1,4,139
Beta_0.1,u_394,44,0,0,0,0,1,1,2,3,136
Beta_0.1,u_395,45,0,0,0,0,1,1,2,3,139
Beta_0.1,u_396,43,0,0,0,0,1,1,2,4,116
Beta_0.1,u_397,44,0,0,0,0,1,1,2,4,117
Beta_0.1,u_398,46,0,0,0,0,1,1,2,2,119
Beta_0.1,u_399,44,0,0,0,0,1,2,1,2,113
Beta_0.1,u_400,46,0,0,0,0,1,1,2,2,111
Beta_0.1,u_401,50,0,0,0,0,1,1,2,2,111
Beta_1.0,u_001,304,0,2,0,3,7,8,11,4,594
Beta_1.0,u_002,314,2,0,2,3,7,9,9,7,633
Beta_1.0,u_003,307,1,1,2,2,6,6,7,8,667
Beta_1.0,u_004,269,0,2,0,4,2,6,7,14,658
Beta_1.0,u_005,259,2,0,0,4,4,0,10,18,628
Beta_1.0,u_006,256,0,0,2,2,3,4,6,9,628
Beta_1.0,u_007,264,0,2,2,2,10,3,6,4,655
Beta_1.0,u_008,236,2,2,1,5,9,1,4,10,656
Beta_1.0,u_009,255,2,1,2,3,6,6,3,6,691
Beta_1.0,u_010,274,2,2,3,0,5,1,4,8,674
Beta_1.0,u_011,295,2,4,0,0,6,2,4,8,670
Beta_1.0,u_012,285,4,0,1,1,9,3,9,4,631
Beta_1.0,u_013,282,0,1,0,2,11,3,6,12,634
Beta_1.0,u_014,284,1,0,2,2,4,12,3,15,598
Beta_1.0,u_015,277,0,2,0,4,8,1,18,6,632
Beta_1.0,u_016,315,1,0,4,0,9,8,4,15,636
Beta_1.0,u_017,301,1,2,0,1,5,9,8,5,675
Beta_1.0,u_018,283,2,0,0,2,1,6,9,16,651
Beta_1.0,u_019,286,0,0,0,3,4,1,13,14,655
Beta_1.0,u_020,277,0,0,1,4,3,4,5,13,624
Beta_1.0,u_021,269,0,1,3,2,7,3,3,6,625
Beta_1.0,u_022,246,2,3,1,4,9,2,3,6,658
Beta_1.0,u_023,244,3,2,2,2,7,3,2,6,696
Beta_1.0,u_024,288,2,2,3,0,5,1,4,5,683
Beta_1.0,u_025,291,2,3,0,1,3,1,4,13,658
Beta_1.0,u_026,288,2,0,1,1,11,1,7,8,629
Beta_1.0,u_027,285,0,0,0,2,11,1,8,10,605
Beta_1.0,u_028,283,0,0,1,4,4,10,4,12,616
Beta_1.0,u_029,297,0,1,1,2,10,2,13,4,627
Beta_1.0,u_030,334,1,1,2,0,10,8,4,13,656
Beta_1.0,u_031,307,2,1,0,0,8,6,10,5,673
Beta_1.0,u_032,280,1,0,0,1,1,10,7,14,665
Beta_1.0,u_033,290,0,0,0,3,4,0,7,23,661
Beta_1.0,u_034,279,1,0,2,2,6,1,5,12,638
Beta_1.0,u_035,258,0,3,1,2,6,2,2,3,612
Beta_1.0,u_036,256,2,1,3,3,4,1,3,5,661
Beta_1.0,u_037,262,2,1,1,6,6,2,2,5,722
Beta_1.0,u_038,274,2,0,4,2,3,5,2,10,667
Beta_1.0,u_039,297,0,3,2,1,5,1,10,9,632
Beta_1.0,u_040,295,3,1,0,2,11,2,7,15,621
Beta_1.0,u_041,281,1,0,0,3,9,3,8,11,634
Beta_1.0,u_042,274,0,0,2,2,6,9,6,13,650
Beta_1.0,u_043,304,0,2,1,2,12,3,9,9,661
Beta_1.0,u_044,324,2,1,1,1,12,10,6,4,672
Beta_1.0,u_045,310,0,1,1,0,6,13,9,7,689
Beta_1.0,u_046,299,2,1,0,2,2,6,14,15,642
Beta_1.0,u_047,271,1,1,0,3,3,0,10,22,655
Beta_1.0,u_048,280,0,0,4,1,4,1,5,10,635
Beta_1.0,u_049,276,1,3,0,3,9,2,2,2,632
Beta_1.0,u_050,278,3,1,2,4,9,3,2,3,685
Beta_1.0,u_051,280,0,2,2,3,7,4,2,7,706
Beta_1.0,u_052,284,2,2,2,2,3,3,6,8,652
Beta_1.0,u_053,305,3,1,1,0,7,2,9,8,620
Beta_1.0,u_054,289,1,1,0,3,9,2,7,12,632
Beta_1.0,u_055,271,0,0,0,3,4,7,6,11,651
Beta_1.0,u_056,269,0,0,3,2,6,3,11,8,652
Beta_1.0,u_057,287,1,2,0,2,15,5,4,13,673
Beta_1.0,u_058,323,3,0,2,0,14,12,7,1,695
Beta_1.0,u_059,314,1,2,0,1,5,13,9,14,682
Beta_1.0,u_060,285,1,0,1,3,6,3,14,16,685
Beta_1.0,u_061,265,0,0,1,2,5,6,7,19,640
Beta_1.0,u_062,279,0,1,2,2,7,1,7,6,620
Beta_1.0,u_063,272,1,2,0,3,7,4,2,4,659
Beta_1.0,u_064,268,2,0,2,4,8,2,3,5,699
Beta_1.0,u_065,278,0,2,3,1,6,2,3,9,694
Beta_1.0,u_066,292,2,3,1,0,6,2,5,8,673
Beta_1.0,u_067,309,3,1,0,2,12,2,6,9,647
Beta_1.0,u_068,261,1,0,0,3,9,4,8,6,653
Beta_1.0,u_069,275,1,0,3,1,5,8,6,8,673
Beta_1.0,u_070,259,0,4,0,2,12,3,6,15,672
Beta_1.0,u_071,311,3,1,2,0,14,5,6,8,685
Beta_1.0,u_072,320,1,1,0,1,9,12,7,6,690
Beta_1.0,u_073,323,1,0,0,1,2,12,13,11,679
Beta_1.0,u_074,315,0,0,0,3,4,4,14,18,673
Beta_1.0,u_075,290,0,1,2,0,6,2,7,19,629
Beta_1.0,u_076,293,1,2,0,2,7,2,5,6,630
Beta_1.0,u_077,288,2,0,0,5,7,7,2,4,664
Beta_1.0,u_078,263,0,0,2,4,7,1,8,4,721
Beta_1.0,u_079,284,0,2,3,1,4,3,2,11,704
Beta_1.0,u_080,297,2,3,1,0,15,1,7,6,678
Beta_1.0,u_081,277,4,1,0,2,12,3,8,9,662
Beta_1.0,u_082,263,1,1,1,3,2,9,8,8,663
Beta_1.0,u_083,262,0,1,3,2,7,1,10,12,667
Beta_1.0,u_084,280,1,2,1,2,12,4,2,13,707
Beta_1.0,u_085,321,3,0,1,0,15,4,7,3,687
Beta_1.0,u_086,328,0,1,0,1,9,13,6,7,705
Beta_1.0,u_087,326,1,0,0,2,4,10,14,12,697
Beta_1.0,u_088,310,0,0,1,1,5,3,14,19,669
Beta_1.0,u_089,290,1,0,1,0,4,2,9,14,643
Beta_1.0,u_090,308,1,0,0,2,8,1,3,7,655
Beta_1.0,u_091,276,0,0,0,5,6,5,1,3,681
Beta_1.0,u_092,286,0,0,2,4,9,0,6,4,712
Beta_1.0,u_093,286,1,2,3,1,7,4,3,11,675
Beta_1.0,u_094,299,3,3,1,1,5,4,8,7,693
Beta_1.0,u_095,286,2,1,1,3,2,3,12,11,681
Beta_1.0,u_096,285,1,0,2,2,2,1,7,9,679
Beta_1.0,u_097,274,0,2,1,1,8,2,0,10,677
Beta_1.0,u_098,311,2,1,1,1,15,3,2,6,698
Beta_1.0,u_099,341,1,1,1,1,9,12,7,2,713
Beta_1.0,u_100,327,1,1,0,3,6,9,12,8,713
Beta_1.0,u_101,333,1,0,1,1,5,7,7,20,696
Beta_1.0,u_102,307,1,0,1,0,4,4,8,15,671
Beta_1.0,u_103,301,0,1,0,0,5,2,9,10,685
Beta_1.0,u_104,301,1,0,0,2,8,1,2,8,657
Beta_1.0,u_105,298,1,0,0,6,11,4,2,3,706
Beta_1.0,u_106,287,0,1,4,3,11,1,6,6,712
Beta_1.0,u_107,306,1,3,3,1,5,8,2,10,702
Beta_1.0,u_108,302,3,2,1,3,3,1,11,7,687
Beta_1.0,u_109,286,2,1,1,2,2,2,7,17,671
Beta_1.0,u_110,281,1,1,1,2,3,2,7,8,679
Beta_1.0,u_111,305,1,1,1,2,10,2,3,9,682
Beta_1.0,u_112,308,1,1,1,1,14,5,3,5,705
Beta_1.0,u_113,338,1,2,0,1,13,10,6,3,709
Beta_1.0,u_114,332,2,0,0,1,5,10,10,9,701
Beta_1.0,u_115,322,0,0,1,0,4,4,13,16,719
Beta_1.0,u_116,319,0,1,0,0,4,5,9,16,676
Beta_1.0,u_117,297,2,0,0,0,7,3,7,9,664
Beta_1.0,u_118,301,0,1,0,3,10,3,2,8,658
Beta_1.0,u_119,295,0,0,4,2,10,2,4,5,705
Beta_1.0,u_120,318,0,3,0,4,9,6,3,6,720
Beta_1.0,u_121,308,3,0,2,3,6,4,6,8,700
Beta_1.0,u_122,302,0,2,1,2,4,2,4,13,687
Beta_1.0,u_123,286,2,1,1,3,4,1,7,11,678
Beta_1.0,u_124,307,1,1,1,3,5,2,6,10,686
Beta_1.0,u_125,299,1,1,2,1,6,5,4,5,712
Beta_1.0,u_126,318,1,2,1,0,12,4,4,6,707
Beta_1.0,u_127,335,2,1,0,1,14,7,7,3,711
Beta_1.0,u_128,332,1,0,0,1,5,10,8,10,729
Beta_1.0,u_129,329,0,0,1,0,4,3,15,13,712
Beta_1.0,u_130,308,1,0,0,0,5,4,7,17,682
Beta_1.0,u_131,320,0,0,0,2,8,3,6,9,671
Beta_1.0,u_132,312,0,0,0,3,9,1,3,6,673
Beta_1.0,u_133,306,0,0,3,3,7,6,2,5,707
Beta_1.0,u_134,319,0,3,0,3,6,3,6,6,737
Beta_1.0,u_135,313,3,0,3,1,4,2,3,12,705
Beta_1.0,u_136,309,1,2,0,3,2,2,6,8,707
Beta_1.0,u_137,307,2,0,1,3,2,1,7,11,678
Beta_1.0,u_138,298,0,1,2,2,7,0,7,9,713
Beta_1.0,u_139,297,1,2,2,0,5,4,2,9,726
Beta_1.0,u_140,296,2,2,0,1,11,4,5,3,737
Beta_1.0,u_141,341,2,0,0,1,12,6,4,5,744
Beta_1.0,u_142,316,0,0,1,0,2,13,7,8,730
Beta_1.0,u_143,322,0,1,0,0,5,2,16,16,699
Beta_1.0,u_144,322,1,0,0,0,6,3,8,20,694
Beta_1.0,u_145,319,0,0,0,3,9,2,7,7,689
Beta_1.0,u_146,306,0,0,0,3,8,8,2,8,687
Beta_1.0,u_147,306,0,0,3,2,7,4,9,3,713
Beta_1.0,u_148,311,0,3,2,0,5,3,3,13,707
Beta_1.0,u_149,313,3,2,0,1,3,2,5,9,715
Beta_1.0,u_150,314,2,0,0,3,3,1,7,7,698
Beta_1.0,u_151,298,0,0,1,4,2,3,4,10,722
Beta_1.0,u_152,286,0,1,2,2,7,0,4,9,713
Beta_1.0,u_153,291,2,1,2,0,7,4,2,7,732
Beta_1.0,u_154,330,1,2,0,1,11,6,6,2,748
Beta_1.0,u_155,336,2,0,0,1,8,9,8,5,737
Beta_1.0,u_156,317,0,0,1,0,2,8,10,13,727
Beta_1.0,u_157,328,0,1,0,0,5,1,13,14,704
Beta_1.0,u_158,345,1,0,0,0,9,3,7,14,683
Beta_1.0,u_159,334,0,0,0,3,13,2,6,5,690
Beta_1.0,u_160,311,0,0,0,4,9,9,2,6,684
Beta_1.0,u_161,287,0,0,3,2,5,6,10,5,729
Beta_1.0,u_162,305,0,3,2,0,4,1,6,13,727
Beta_1.0,u_163,301,3,2,0,2,4,1,2,12,713
Beta_1.0,u_164,293,2,0,0,3,2,2,6,6,702
Beta_1.0,u_165,304,0,0,3,3,2,2,4,11,711
Beta_1.0,u_166,285,0,3,0,3,8,1,4,8,756
Beta_1.0,u_167,299,3,0,3,0,11,4,3,8,729
Beta_1.0,u_168,326,1,1,0,1,12,7,6,3,760
Beta_1.0,u_169,335,1,0,1,0,9,8,6,7,757
Beta_1.0,u_170,332,0,1,0,0,4,8,11,12,731
Beta_1.0,u_171,333,1,0,0,0,6,2,13,14,698
Beta_1.0,u_172,325,0,0,0,0,9,6,6,13,674
Beta_1.0,u_173,328,0,0,0,3,9,5,7,7,680
Beta_1.0,u_174,310,0,0,1,4,9,2,8,7,688
Beta_1.0,u_175,299,0,1,2,2,5,5,4,9,733
Beta_1.0,u_176,310,1,2,2,0,5,1,2,8,722
Beta_1.0,u_177,303,2,2,0,3,4,2,2,7,734
Beta_1.0,u_178,303,2,0,0,4,3,2,6,7,705
Beta_1.0,u_179,293,0,0,4,2,4,3,4,10,725
Beta_1.0,u_180,292,0,4,1,1,8,1,4,9,750
Beta_1.0,u_181,305,4,1,1,1,10,6,3,8,750
Beta_1.0,u_182,322,1,1,0,1,13,5,8,3,765
Beta_1.0,u_183,319,1,0,1,0,6,10,6,9,737
Beta_1.0,u_184,338,0,1,0,0,6,5,14,12,718
Beta_1.0,u_185,350,1,0,0,0,6,2,10,17,694
Beta_1.0,u_186,342,0,0,0,1,10,7,6,9,674
Beta_1.0,u_187,325,0,0,0,3,10,5,8,6,673
Beta_1.0,u_188,307,0,0,1,4,6,3,7,9,692
Beta_1.0,u_189,287,0,1,3,2,6,1,7,8,735
Beta_1.0,u_190,301,1,2,3,0,5,1,1,11,718
Beta_1.0,u_191,318,2,3,0,4,3,2,2,6,715
Beta_1.0,u_192,300,3,0,0,4,3,2,5,8,738
Beta_1.0,u_193,280,0,0,4,1,4,2,5,10,756
Beta_1.0,u_194,303,1,3,0,1,8,1,5,9,757
Beta_1.0,u_195,308,3,0,1,1,10,6,3,8,746
Beta_1.0,u_196,328,0,1,0,1,12,6,8,2,756
Beta_1.0,u_197,319,1,0,1,0,3,11,8,9,725
Beta_1.0,u_198,327,0,1,0,0,8,2,16,14,716
Beta_1.0,u_199,340,1,0,0,0,11,2,9,17,705
Beta_1.0,u_200,320,0,0,0,1,9,6,5,9,661
Beta_1.0,u_201,322,0,0,0,3,7,8,6,6,679
Beta_1.0,u_202,299,0,0,2,3,5,4,9,6,704
Beta_1.0,u_203,318,0,2,1,3,6,0,6,13,732
Beta_1.0,u_204,304,3,0,3,0,4,2,0,10,724
Beta_1.0,u_205,305,1,3,0,4,4,2,3,6,734
Beta_1.0,u_206,287,3,0,1,3,3,1,6,10,765
Beta_1.0,u_207,293,0,1,3,1,5,2,5,9,773
Beta_1.0,u_208,303,2,2,0,1,10,2,5,7,754
Beta_1.0,u_209,316,2,0,1,1,12,8,5,7,752
Beta_1.0,u_210,323,1,0,0,1,10,5,10,4,761
Beta_1.0,u_211,333,0,0,1,0,2,11,6,11,756
Beta_1.0,u_212,332,0,1,0,0,6,2,14,12,712
Beta_1.0,u_213,339,1,0,0,0,13,0,8,17,681
Beta_1.0,u_214,339,0,0,0,2,9,10,2,9,672
Beta_1.0,u_215,333,0,0,0,3,8,4,11,3,675
Beta_1.0,u_216,306,0,0,3,3,5,5,5,12,709
Beta_1.0,u_217,302,0,3,0,3,6,0,3,11,718
Beta_1.0,u_218,316,3,0,3,1,4,2,0,8,740
Beta_1.0,u_219,309,1,2,0,4,4,2,5,6,782
Beta_1.0,u_220,299,2,0,2,2,3,2,7,8,768
Beta_1.0,u_221,291,0,2,2,1,7,2,6,9,769
Beta_1.0,u_222,299,3,1,1,0,8,4,5,8,760
Beta_1.0,u_223,319,2,1,0,1,12,5,6,6,755
Beta_1.0,u_224,323,1,0,0,1,9,6,7,4,754
Beta_1.0,u_225,322,0,0,1,0,8,10,7,9,745
Beta_1.0,u_226,339,0,1,0,0,15,2,12,13,699
Beta_1.0,u_227,350,1,0,0,0,8,9,7,16,675
Beta_1.0,u_228,335,0,0,0,3,8,5,13,8,665
Beta_1.0,u_229,314,0,0,0,3,6,5,4,17,669
Beta_1.0,u_230,315,0,0,3,3,5,3,6,5,707
Beta_1.0,u_231,300,0,3,1,2,6,0,3,9,747
Beta_1.0,u_232,315,3,1,2,2,4,2,0,9,748
Beta_1.0,u_233,317,2,1,1,3,3,2,5,6,764
Beta_1.0,u_234,279,1,1,2,2,3,3,4,10,755
Beta_1.0,u_235,289,1,2,2,2,7,1,6,8,755
Beta_1.0,u_236,294,3,1,2,0,8,4,5,7,739
Beta_1.0,u_237,320,1,2,0,1,10,6,6,5,768
Beta_1.0,u_238,337,2,0,0,1,19,6,8,5,749
Beta_1.0,u_239,331,0,0,1,0,16,9,7,12,719
Beta_1.0,u_240,346,1,0,0,0,8,18,13,10,713
Beta_1.0,u_241,344,0,0,0,0,7,5,22,16,677
Beta_1.0,u_242,344,0,0,0,3,7,3,7,22,686
Beta_1.0,u_243,326,0,0,0,4,6,4,4,8,712
Beta_1.0,u_244,299,0,0,3,3,5,3,5,6,728
Beta_1.0,u_245,309,0,3,2,2,5,1,4,8,770
Beta_1.0,u_246,308,3,2,1,2,4,1,2,9,759
Beta_1.0,u_247,300,2,1,1,4,3,2,4,7,760
Beta_1.0,u_248,299,1,1,3,1,3,2,4,8,763
Beta_1.0,u_249,295,1,3,1,1,6,1,4,9,743
Beta_1.0,u_250,301,3,1,1,0,8,4,4,5,748
Beta_1.0,u_251,327,1,1,0,1,10,5,5,5,743
Beta_1.0,u_252,356,1,0,1,0,19,4,9,6,747
Beta_1.0,u_253,340,0,1,0,0,12,10,8,11,734
Beta_1.0,u_254,353,1,0,0,0,8,9,12,11,710
Beta_1.0,u_255,356,0,0,0,0,8,5,10,17,685
Beta_1.0,u_256,334,0,0,0,3,5,5,8,9,684
Beta_1.0,u_257,307,0,0,1,4,6,4,4,9,684
Beta_1.0,u_258,301,0,1,2,4,5,2,3,9,731
Beta_1.0,u_259,310,1,2,2,2,5,1,3,6,775
Beta_1.0,u_260,313,2,2,2,3,4,1,2,8,747
Beta_1.0,u_261,311,3,1,0,4,2,2,3,8,758
Beta_1.0,u_262,289,1,0,3,2,3,2,3,9,755
Beta_1.0,u_263,289,0,3,1,1,7,1,4,7,747
Beta_1.0,u_264,296,3,1,1,1,9,5,4,4,759
Beta_1.0,u_265,322,1,1,0,1,15,6,6,5,769
Beta_1.0,u_266,332,1,0,1,0,8,12,9,8,744
Beta_1.0,u_267,341,0,1,0,0,4,9,17,11,710
Beta_1.0,u_268,357,1,0,0,0,8,2,16,18,691
Beta_1.0,u_269,351,0,0,0,0,9,7,5,18,686
Beta_1.0,u_270,335,0,0,0,3,7,5,8,6,671
Beta_1.0,u_271,314,0,0,1,4,6,3,7,9,701
Beta_1.0,u_272,304,0,1,2,4,5,1,5,9,764
Beta_1.0,u_273,310,2,1,3,1,5,1,2,8,775
Beta_1.0,u_274,315,1,3,1,3,3,2,2,7,763
Beta_1.0,u_275,282,3,1,0,4,2,1,3,9,753
Beta_1.0,u_276,285,1,0,3,3,3,1,3,10,746
Beta_1.0,u_277,295,0,3,2,1,8,0,5,5,751
Beta_1.0,u_278,314,3,2,1,1,9,6,2,5,742
Beta_1.0,u_279,326,2,1,0,1,15,5,4,6,744
Beta_1.0,u_280,335,1,0,1,0,10,12,7,8,741
Beta_1.0,u_281,340,0,1,0,0,5,10,16,13,705
Beta_1.0,u_282,354,1,0,0,0,6,3,16,15,688
Beta_1.0,u_283,353,0,0,0,1,10,5,3,17,673
Beta_1.0,u_284,334,0,0,0,3,7,5,6,6,693
Beta_1.0,u_285,318,0,0,2,3,5,4,9,7,708
Beta_1.0,u_286,316,0,2,1,3,5,0,6,11,760
Beta_1.0,u_287,307,2,1,4,0,4,2,1,8,763
Beta_1.0,u_288,299,1,4,0,3,2,2,3,8,759
Beta_1.0,u_289,294,4,0,0,4,2,0,7,8,771
Beta_1.0,u_290,286,0,0,3,2,4,1,3,10,758
Beta_1.0,u_291,302,0,3,1,1,7,1,5,6,768
Beta_1.0,u_292,311,3,1,1,1,11,5,5,5,769
Beta_1.0,u_293,325,1,1,0,1,14,7,5,5,757
Beta_1.0,u_294,348,1,0,1,0,6,13,8,8,727
Beta_1.0,u_295,353,0,1,0,0,5,6,17,14,702
Beta_1.0,u_296,345,1,0,0,0,10,2,12,16,676
Beta_1.0,u_297,348,0,0,0,2,10,6,4,14,692
Beta_1.0,u_298,334,0,0,0,3,7,5,6,8,678
Beta_1.0,u_299,317,0,0,2,4,5,5,8,6,726
Beta_1.0,u_300,318,0,2,1,3,5,0,6,10,772
Beta_1.0,u_301,307,3,0,3,0,4,2,1,11,771
Beta_1.0,u_302,302,1,2,0,3,3,2,6,5,784
Beta_1.0,u_303,283,3,0,0,4,2,2,5,10,765
Beta_1.0,u_304,294,0,0,3,2,4,1,5,8,749
Beta_1.0,u_305,296,0,3,1,1,7,1,5,7,766
Beta_1.0,u_306,321,3,1,1,1,13,5,5,5,740
Beta_1.0,u_307,341,1,1,0,1,12,10,5,4,759
Beta_1.0,u_308,341,1,0,1,0,5,10,11,10,736
Beta_1.0,u_309,356,0,1,0,0,6,6,13,17,700
Beta_1.0,u_310,353,1,0,0,0,9,4,11,14,685
Beta_1.0,u_311,338,0,0,0,2,9,6,5,12,653
Beta_1.0,u_312,329,0,0,0,3,7,5,6,9,676
Beta_1.0,u_313,302,0,0,3,3,5,4,7,8,726
Beta_1.0,u_314,309,0,3,1,2,5,0,5,9,765
Beta_1.0,u_315,306,3,1,2,0,4,3,0,9,748
Beta_1.0,u_316,294,2,1,0,3,3,2,5,6,776
Beta_1.0,u_317,296,1,0,0,4,2,2,4,10,760
Beta_1.0,u_318,292,0,0,4,1,5,1,5,9,758
Beta_1.0,u_319,302,1,3,0,1,10,1,7,6,750
Beta_1.0,u_320,317,3,0,1,1,10,10,5,5,770
Beta_1.0,u_321,334,0,1,0,1,13,6,10,6,754
Beta_1.0,u_322,339,1,0,1,0,5,10,9,14,727
Beta_1.0,u_323,339,0,1,0,0,4,8,13,10,695
Beta_1.0,u_324,347,1,0,0,0,8,3,10,14,702
Beta_1.0,u_325,347,0,0,0,3,8,4,3,13,682
Beta_1.0,u_326,313,0,0,0,4,6,5,6,7,676
Beta_1.0,u_327,309,0,0,3,3,5,3,7,11,750
Beta_1.0,u_328,297,0,3,2,1,4,1,5,8,782
Beta_1.0,u_329,308,3,2,1,0,4,2,1,9,713
Beta_1.0,u_330,296,2,1,0,3,2,2,4,7,765
Beta_1.0,u_331,296,1,0,1,3,2,2,3,8,757
Beta_1.0,u_332,296,0,1,3,1,6,1,3,10,739
Beta_1.0,u_333,306,1,3,1,1,10,3,6,4,732
Beta_1.0,u_334,323,3,1,1,1,12,8,5,6,760
Beta_1.0,u_335,334,1,1,1,0,12,6,10,8,743
Beta_1.0,u_336,340,1,1,0,0,5,10,9,14,732
Beta_1.0,u_337,350,1,0,0,0,5,6,13,10,693
Beta_1.0,u_338,361,0,0,0,0,8,2,9,16,681
Beta_1.0,u_339,332,0,0,0,3,8,5,3,10,683
Beta_1.0,u_340,314,0,0,0,5,6,5,6,6,693
Beta_1.0,u_341,306,0,0,3,3,5,3,6,10,742
Beta_1.0,u_342,300,1,3,2,1,4,1,4,8,773
Beta_1.0,u_343,299,3,2,1,1,4,1,2,8,754
Beta_1.0,u_344,297,3,0,0,4,2,2,3,9,745
Beta_1.0,u_345,275,1,0,1,3,2,2,3,9,753
Beta_1.0,u_346,286,0,1,3,1,7,0,3,9,764
Beta_1.0,u_347,308,1,3,0,1,11,4,4,3,753
Beta_1.0,u_348,318,4,0,1,1,14,9,5,5,765
Beta_1.0,u_349,344,0,1,1,0,7,11,10,10,752
Beta_1.0,u_350,330,1,1,0,0,2,7,15,14,713
Beta_1.0,u_351,346,1,0,0,0,7,3,10,18,702
Beta_1.0,u_352,351,0,0,0,0,10,3,7,8,695
Beta_1.0,u_353,334,0,0,0,3,7,7,4,8,707
Beta_1.0,u_354,320,0,0,2,3,7,2,7,9,705
Beta_1.0,u_355,308,0,2,1,3,5,2,3,12,742
Beta_1.0,u_356,315,2,1,3,0,4,1,4,5,752
Beta_1.0,u_357,298,1,3,0,1,3,1,3,9,740
Beta_1.0,u_358,299,3,0,0,4,2,2,4,9,756
Beta_1.0,u_359,288,0,0,2,2,4,1,5,10,732
Beta_1.0,u_360,295,0,2,2,1,6,2,5,8,742
Beta_1.0,u_361,312,3,1,1,1,10,5,5,3,744
Beta_1.0,u_362,324,1,0,1,1,13,9,4,6,743
Beta_1.0,u_363,333,1,0,1,0,6,15,8,9,721
Beta_1.0,u_364,332,0,1,0,0,3,6,17,15,709
Beta_1.0,u_365,348,1,0,0,0,8,1,13,17,703
Beta_1.0,u_366,342,0,0,0,2,8,6,4,11,689
Beta_1.0,u_367,335,0,0,0,3,8,6,6,5,693
Beta_1.0,u_368,325,0,0,2,4,6,3,8,9,703
Beta_1.0,u_369,295,0,2,1,3,5,1,5,13,740
Beta_1.0,u_370,300,2,1,3,0,4,1,4,7,769
Beta_1.0,u_371,285,1,3,0,1,3,2,3,9,735
Beta_1.0,u_372,285,3,0,0,4,2,1,6,8,756
Beta_1.0,u_373,303,0,0,3,1,4,1,4,11,756
Beta_1.0,u_374,297,0,3,1,1,7,1,5,7,745
Beta_1.0,u_375,313,3,1,1,1,12,6,4,3,761
Beta_1.0,u_376,330,2,1,0,1,16,8,4,6,749
Beta_1.0,u_377,332,1,0,1,0,5,14,11,8,746
Beta_1.0,u_378,332,0,1,0,0,4,5,18,16,703
Beta_1.0,u_379,363,1,0,0,0,7,1,11,19,679
Beta_1.0,u_380,354,0,0,0,2,9,5,3,9,685
Beta_1.0,u_381,325,0,0,0,3,8,6,4,6,705
Beta_1.0,u_382,316,0,0,2,4,6,3,8,11,717
Beta_1.0,u_383,313,0,2,1,3,5,1,6,10,763
Beta_1.0,u_384,301,2,1,3,0,4,1,4,8,745
Beta_1.0,u_385,293,2,2,0,3,3,2,5,7,762
Beta_1.0,u_386,294,2,0,0,4,2,2,4,10,770
Beta_1.0,u_387,283,0,0,3,3,4,1,4,10,755
Beta_1.0,u_388,299,0,3,2,1,8,2,6,6,739
Beta_1.0,u_389,313,3,2,1,1,16,4,6,3,749
Beta_1.0,u_390,322,2,1,0,1,13,10,4,9,752
Beta_1.0,u_391,337,1,0,1,0,5,10,12,10,732
Beta_1.0,u_392,349,0,1,0,0,6,6,15,15,726
Beta_1.0,u_393,344,1,0,0,0,11,3,10,16,681
Beta_1.0,u_394,329,0,0,0,2,11,6,4,10,687
Beta_1.0,u_395,315,0,0,0,3,7,7,5,8,704
Beta_1.0,u_396,303,0,0,2,4,6,3,8,10,720
Beta_1.0,u_397,300,0,2,2,2,5,1,5,10,781
Beta_1.0,u_398,306,3,1,2,0,5,2,3,7,740
Beta_1.0,u_399,308,1,2,0,3,3,2,3,9,748
Beta_1.0,u_400,290,2,0,0,5,2,2,4,7,756
Beta_1.0,u_401,290,0,0,3,3,6,1,5,10,741
Beta_1.4,u_001,521,0,2,3,6,17,12,16,23,963
Beta_1.4,u_002,561,1,4,3,4,12,18,14,16,996
Beta_1.4,u_003,532,5,2,3,3,11,12,15,20,981
Beta_1.4,u_004,529,4,1,2,7,7,9,11,21,1010
Beta_1.4,u_005,509,1,1,6,6,5,3,13,17,1001
Beta_1.4,u_006,490,6,2,5,3,11,3,4,15,1074
Beta_1.4,u_007,483,2,4,3,4,15,9,7,14,1083
Beta_1.4,u_008,469,3,3,3,4,11,12,14,11,1078
Beta_1.4,u_009,488,2,4,2,1,22,7,10,21,1044
Beta_1.4,u_010,499,3,2,1,2,17,15,9,15,1009
Beta_1.4,u_011,491,3,0,2,5,20,6,23,20,972
Beta_1.4,u_012,520,0,2,3,6,15,11,15,22,960
Beta_1.4,u_013,549,1,5,3,3,13,15,16,15,996
Beta_1.4,u_014,542,5,3,2,4,11,13,16,15,959
Beta_1.4,u_015,517,5,0,2,6,6,10,12,18,1006
Beta_1.4,u_016,510,0,5,4,5,6,3,11,16,1021
Beta_1.4,u_017,476,6,1,5,3,11,6,4,15,1087
Beta_1.4,u_018,468,2,4,3,5,16,8,6,16,1092
Beta_1.4,u_019,474,2,3,5,2,10,13,11,10,1087
Beta_1.4,u_020,476,2,3,2,1,21,8,8,14,1049
Beta_1.4,u_021,495,3,2,1,2,17,16,9,11,1019
Beta_1.4,u_022,509,3,0,2,5,19,8,17,21,992
Beta_1.4,u_023,530,1,1,4,5,14,11,17,17,993
Beta_1.4,u_024,548,1,5,3,3,13,13,13,20,984
Beta_1.4,u_025,547,5,3,2,5,10,13,16,19,1005
Beta_1.4,u_026,517,5,0,2,6,5,12,13,13,1011
Beta_1.4,u_027,504,4,4,3,5,7,2,12,15,1018
Beta_1.4,u_028,479,6,1,5,4,10,6,3,19,1085
Beta_1.4,u_029,477,5,2,3,5,14,6,6,18,1097
Beta_1.4,u_030,457,4,2,4,3,9,12,7,12,1078
Beta_1.4,u_031,486,2,3,2,1,20,8,8,13,1045
Beta_1.4,u_032,479,3,3,0,2,17,19,10,10,1014
Beta_1.4,u_033,495,2,0,2,6,17,8,16,22,981
Beta_1.4,u_034,534,1,1,4,7,14,10,15,15,968
Beta_1.4,u_035,565,1,5,2,3,10,13,17,19,967
Beta_1.4,u_036,547,4,4,1,5,10,12,12,22,980
Beta_1.4,u_037,526,5,0,4,4,5,11,13,13,1002
Beta_1.4,u_038,490,2,4,2,5,7,1,12,15,1046
Beta_1.4,u_039,493,4,3,4,4,11,5,3,14,1106
Beta_1.4,u_040,467,5,2,3,5,14,4,9,14,1090
Beta_1.4,u_041,466,3,1,4,3,11,14,5,16,1067
Beta_1.4,u_042,492,2,3,2,1,21,9,7,15,1026
Beta_1.4,u_043,496,3,3,0,2,17,12,11,14,996
Beta_1.4,u_044,488,2,0,2,6,18,12,11,23,996
Beta_1.4,u_045,549,1,1,5,6,15,12,17,17,957
Beta_1.4,u_046,551,1,5,2,3,13,10,19,21,965
Beta_1.4,u_047,533,4,4,1,5,9,14,11,25,1000
Beta_1.4,u_048,521,4,0,4,4,4,10,14,18,993
Beta_1.4,u_049,507,1,5,2,5,10,1,11,14,1028
Beta_1.4,u_050,483,4,2,4,4,12,5,4,15,1080
Beta_1.4,u_051,467,4,2,4,4,16,4,11,15,1087
Beta_1.4,u_052,467,3,1,4,3,11,14,8,15,1053
Beta_1.4,u_053,495,2,3,3,1,19,7,10,16,1020
Beta_1.4,u_054,496,4,2,0,2,19,9,10,15,1009
Beta_1.4,u_055,505,1,0,2,6,18,16,13,18,990
Beta_1.4,u_056,537,2,0,6,5,15,10,21,21,993
Beta_1.4,u_057,550,1,5,4,2,17,9,18,22,997
Beta_1.4,u_058,537,4,5,0,5,9,19,12,25,997
Beta_1.4,u_059,514,3,2,4,4,4,9,13,19,1005
Beta_1.4,u_060,506,3,4,2,6,12,3,8,17,1051
Beta_1.4,u_061,482,5,3,3,3,11,7,7,13,1078
Beta_1.4,u_062,476,5,1,3,4,17,4,12,12,1086
Beta_1.4,u_063,489,3,1,4,3,13,12,10,13,1073
Beta_1.4,u_064,493,2,3,3,1,15,10,9,16,1039
Beta_1.4,u_065,507,3,2,0,3,19,8,9,14,975
Beta_1.4,u_066,509,1,0,2,6,15,16,12,14,984
Beta_1.4,u_067,541,2,0,6,5,13,14,19,16,991
Beta_1.4,u_068,553,2,4,4,2,17,7,19,17,982
Beta_1.4,u_069,545,3,4,0,6,10,14,10,21,1012
Beta_1.4,u_070,519,3,3,4,4,5,7,14,14,1019
Beta_1.4,u_071,505,4,5,3,5,13,4,7,15,1034
Beta_1.4,u_072,487,5,3,3,3,13,7,7,13,1086
Beta_1.4,u_073,462,5,2,0,4,15,5,10,15,1086
Beta_1.4,u_074,484,2,1,3,3,15,12,11,9,1057
Beta_1.4,u_075,493,1,4,2,1,16,10,6,19,1013
Beta_1.4,u_076,480,3,1,0,3,21,10,11,14,996
Beta_1.4,u_077,507,0,1,1,6,14,13,12,14,958
Beta_1.4,u_078,553,2,1,5,5,12,18,12,20,974
Beta_1.4,u_079,549,2,4,4,2,19,8,14,19,985
Beta_1.4,u_080,552,2,4,1,6,9,9,13,21,986
Beta_1.4,u_081,523,2,3,4,7,6,6,13,16,1046
Beta_1.4,u_082,483,5,4,3,5,13,3,8,13,1045
Beta_1.4,u_083,477,2,4,3,2,13,5,7,15,1104
Beta_1.4,u_084,472,5,2,0,4,16,5,7,18,1084
Beta_1.4,u_085,491,2,1,3,2,15,9,13,8,1074
Beta_1.4,u_086,488,2,2,2,1,13,12,6,19,1012
Beta_1.4,u_087,501,1,1,0,3,19,10,13,14,1007
Beta_1.4,u_088,511,0,1,1,6,12,15,16,12,972
Beta_1.4,u_089,553,2,1,5,5,15,16,11,22,975
Beta_1.4,u_090,566,2,4,5,3,17,9,12,20,1006
Beta_1.4,u_091,544,2,4,2,4,6,10,13,21,998
Beta_1.4,u_092,519,2,3,4,7,7,4,13,19,1035
Beta_1.4,u_093,491,4,4,3,5,13,3,9,12,1045
Beta_1.4,u_094,472,3,6,2,1,13,2,11,12,1085
Beta_1.4,u_095,461,5,2,0,4,10,9,7,16,1080
Beta_1.4,u_096,507,2,1,3,1,16,7,14,9,1052
Beta_1.4,u_097,492,3,2,1,2,14,9,7,19,1010
Beta_1.4,u_098,499,1,0,0,3,21,9,8,15,1005
Beta_1.4,u_099,524,0,2,0,7,12,17,16,11,955
Beta_1.4,u_100,574,2,1,5,5,14,13,14,23,983
Beta_1.4,u_101,565,4,2,5,3,11,12,12,14,1008
Beta_1.4,u_102,536,3,2,2,4,5,9,14,19,1007
Beta_1.4,u_103,520,2,3,4,5,9,5,10,20,1028
Beta_1.4,u_104,493,4,3,2,5,9,7,8,13,1055
Beta_1.4,u_105,467,3,4,2,1,13,3,13,10,1094
Beta_1.4,u_106,451,3,2,1,4,11,7,8,20,1094
Beta_1.4,u_107,490,2,2,4,1,16,8,16,8,1045
Beta_1.4,u_108,482,5,1,1,2,12,9,8,19,1022
Beta_1.4,u_109,495,2,0,0,4,21,8,7,17,986
Beta_1.4,u_110,529,0,2,0,8,13,16,21,7,971
Beta_1.4,u_111,556,2,2,4,5,15,12,11,26,979
Beta_1.4,u_112,572,4,3,4,2,10,8,14,16,996
Beta_1.4,u_113,525,3,2,2,5,3,9,15,20,1010
Beta_1.4,u_114,520,2,4,4,5,9,3,10,20,1009
Beta_1.4,u_115,487,6,2,4,3,8,7,7,14,1076
Beta_1.4,u_116,490,2,4,2,2,14,3,12,10,1078
Beta_1.4,u_117,456,3,2,2,5,13,8,8,13,1092
Beta_1.4,u_118,491,1,4,2,1,16,6,16,10,1057
Beta_1.4,u_119,495,4,2,0,2,14,8,8,18,1004
Beta_1.4,u_120,503,1,0,1,3,20,10,6,19,977
Beta_1.4,u_121,528,0,2,1,7,15,13,20,13,936
Beta_1.4,u_122,565,2,2,4,5,14,12,11,26,1001
Beta_1.4,u_123,550,5,3,3,3,10,10,14,17,1003
Beta_1.4,u_124,527,3,2,3,4,3,10,15,20,1002
Beta_1.4,u_125,518,1,4,4,5,9,2,11,15,1022
Beta_1.4,u_126,499,3,3,4,2,9,7,6,16,1078
Beta_1.4,u_127,485,2,4,2,2,14,1,9,15,1089
Beta_1.4,u_128,464,3,2,2,4,11,9,8,13,1085
Beta_1.4,u_129,496,1,4,3,0,16,7,16,11,1040
Beta_1.4,u_130,482,4,2,0,2,19,5,11,19,994
Beta_1.4,u_131,502,1,0,2,3,23,14,7,17,981
Beta_1.4,u_132,541,0,2,1,7,14,9,24,12,968
Beta_1.4,u_133,553,2,3,5,3,14,12,10,27,983
Beta_1.4,u_134,544,5,3,3,4,8,11,16,13,1006
Beta_1.4,u_135,534,3,2,4,4,4,8,15,15,1009
Beta_1.4,u_136,531,0,5,3,5,8,2,9,16,1024
Beta_1.4,u_137,509,3,3,4,2,8,3,10,10,1066
Beta_1.4,u_138,463,2,4,2,3,15,2,7,16,1100
Beta_1.4,u_139,480,4,1,2,3,11,11,8,12,1092
Beta_1.4,u_140,496,0,3,3,0,11,10,15,15,1046
Beta_1.4,u_141,497,3,2,0,2,24,4,10,20,1008
Beta_1.4,u_142,497,1,0,2,5,21,15,7,20,976
Beta_1.4,u_143,534,0,2,2,6,13,10,23,11,969
Beta_1.4,u_144,547,1,4,4,3,14,11,8,23,986
Beta_1.4,u_145,540,5,3,3,5,8,11,15,13,977
Beta_1.4,u_146,533,3,2,4,4,5,8,11,18,1008
Beta_1.4,u_147,530,3,2,3,6,6,7,7,16,1026
Beta_1.4,u_148,488,4,2,5,2,8,2,10,9,1083
Beta_1.4,u_149,467,3,4,2,3,17,1,7,15,1087
Beta_1.4,u_150,488,3,1,3,3,12,14,9,9,1084
Beta_1.4,u_151,481,1,3,2,0,10,11,14,13,1045
Beta_1.4,u_152,499,4,1,0,2,26,3,10,18,1006
Beta_1.4,u_153,493,0,0,2,5,16,19,6,21,974
Beta_1.4,u_154,539,0,2,3,5,12,11,23,11,966
Beta_1.4,u_155,551,1,4,4,3,14,12,8,27,968
Beta_1.4,u_156,557,6,3,2,6,8,13,13,13,1003
Beta_1.4,u_157,555,2,2,5,4,8,6,12,16,993
Beta_1.4,u_158,513,3,3,3,6,5,7,3,17,1032
Beta_1.4,u_159,484,4,2,5,2,10,3,9,10,1084
Beta_1.4,u_160,456,4,4,1,3,17,4,5,18,1110
Beta_1.4,u_161,473,3,0,3,3,12,13,10,9,1077
Beta_1.4,u_162,494,1,3,2,0,9,11,11,16,1050
Beta_1.4,u_163,509,2,1,0,2,23,4,11,18,1008
Beta_1.4,u_164,502,0,0,2,5,15,19,7,20,969
Beta_1.4,u_165,542,1,1,3,5,12,9,23,14,964
Beta_1.4,u_166,561,1,5,3,4,14,14,8,27,986
Beta_1.4,u_167,542,6,3,2,7,7,9,16,15,1024
Beta_1.4,u_168,545,3,3,2,4,8,6,11,19,1004
Beta_1.4,u_169,502,3,3,3,6,6,8,5,16,1050
Beta_1.4,u_170,489,3,2,5,2,13,4,9,15,1093
Beta_1.4,u_171,475,5,3,1,3,15,7,5,13,1089
Beta_1.4,u_172,487,3,0,3,3,13,11,9,11,1074
Beta_1.4,u_173,487,2,2,2,0,10,12,10,16,1033
Beta_1.4,u_174,501,3,0,0,2,26,3,12,17,1000
Beta_1.4,u_175,520,0,1,1,5,17,21,7,14,986
Beta_1.4,u_176,552,1,1,4,4,15,8,25,16,967
Beta_1.4,u_177,551,1,5,3,4,13,11,10,23,994
Beta_1.4,u_178,552,6,2,2,7,6,8,13,17,981
Beta_1.4,u_179,541,3,3,3,3,9,4,9,20,1020
Beta_1.4,u_180,511,3,3,3,7,7,5,8,16,1042
Beta_1.4,u_181,489,3,2,7,1,12,3,4,17,1076
Beta_1.4,u_182,455,7,2,1,4,14,7,6,11,1097
Beta_1.4,u_183,481,3,0,3,3,13,11,9,10,1074
Beta_1.4,u_184,503,3,1,2,1,12,12,9,15,1047
Beta_1.4,u_185,493,3,1,0,2,24,4,12,16,1004
Beta_1.4,u_186,503,1,1,1,5,13,21,8,13,973
Beta_1.4,u_187,553,1,1,4,4,16,7,21,16,971
Beta_1.4,u_188,574,1,5,3,4,11,12,10,22,1002
Beta_1.4,u_189,561,6,1,4,4,7,6,14,12,983
Beta_1.4,u_190,527,3,2,3,3,8,2,11,16,1009
Beta_1.4,u_191,502,2,4,2,6,6,2,9,14,1055
Beta_1.4,u_192,491,3,3,4,2,12,2,3,16,1081
Beta_1.4,u_193,480,4,3,0,5,14,5,8,10,1082
Beta_1.4,u_194,490,2,2,2,2,13,9,15,7,1060
Beta_1.4,u_195,490,3,2,1,0,13,11,10,16,1040
Beta_1.4,u_196,527,3,0,1,1,28,4,8,18,1006
Beta_1.4,u_197,508,0,1,1,6,13,22,11,13,970
Beta_1.4,u_198,555,1,1,5,5,14,7,20,21,961
Beta_1.4,u_199,574,0,6,3,3,10,11,10,20,1014
Beta_1.4,u_200,549,5,1,5,4,7,5,16,11,1007
Beta_1.4,u_201,535,3,3,3,3,8,4,12,14,1005
Beta_1.4,u_202,515,4,3,2,6,7,2,9,15,1065
Beta_1.4,u_203,483,2,5,2,2,12,1,5,18,1069
Beta_1.4,u_204,492,4,3,0,4,13,7,5,14,1085
Beta_1.4,u_205,492,2,1,2,2,15,9,15,5,1054
Beta_1.4,u_206,478,2,2,1,0,15,11,6,19,1050
Beta_1.4,u_207,499,3,0,1,1,28,5,8,18,976
Beta_1.4,u_208,526,0,1,1,6,12,19,15,13,954
Beta_1.4,u_209,556,0,1,5,5,14,9,18,23,973
Beta_1.4,u_210,559,0,6,3,4,11,11,9,19,1005
Beta_1.4,u_211,560,5,2,3,4,5,8,18,12,1005
Beta_1.4,u_212,529,3,2,4,2,5,6,13,6,1021
Beta_1.4,u_213,519,2,3,3,4,8,2,11,14,1057
Beta_1.4,u_214,487,2,4,3,2,12,3,6,18,1096
Beta_1.4,u_215,477,2,3,0,5,15,7,8,14,1067
Beta_1.4,u_216,493,1,2,2,1,16,8,14,9,1053
Beta_1.4,u_217,488,2,2,1,0,15,8,10,19,1039
Beta_1.4,u_218,502,3,0,0,1,30,5,8,18,990
Beta_1.4,u_219,532,0,0,1,6,12,19,16,12,980
Beta_1.4,u_220,561,0,1,6,5,15,7,15,26,990
Beta_1.4,u_221,573,3,3,4,4,10,8,10,14,995
Beta_1.4,u_222,557,5,3,2,4,5,8,16,13,1029
Beta_1.4,u_223,547,3,2,4,4,5,6,13,9,1026
Beta_1.4,u_224,512,2,2,4,4,9,2,9,14,1087
Beta_1.4,u_225,488,2,4,3,2,13,3,6,16,1101
Beta_1.4,u_226,474,2,3,1,4,15,9,9,16,1091
Beta_1.4,u_227,475,1,2,2,1,16,7,17,10,1059
Beta_1.4,u_228,493,2,2,1,0,18,4,12,21,1018
Beta_1.4,u_229,499,3,0,0,1,26,5,8,17,997
Beta_1.4,u_230,531,0,0,1,7,12,15,18,9,973
Beta_1.4,u_231,566,0,1,6,4,17,8,13,24,1009
Beta_1.4,u_232,569,3,4,2,5,13,9,12,14,1008
Beta_1.4,u_233,571,4,3,2,4,6,9,13,18,1000
Beta_1.4,u_234,537,5,1,4,4,4,5,10,12,1030
Beta_1.4,u_235,500,2,2,4,4,8,3,7,13,1050
Beta_1.4,u_236,476,2,4,3,2,13,2,6,11,1114
Beta_1.4,u_237,474,4,1,1,4,17,6,9,13,1085
Beta_1.4,u_238,487,1,2,2,1,10,13,15,8,1066
Beta_1.4,u_239,487,2,3,0,0,19,4,12,13,1030
Beta_1.4,u_240,513,2,0,0,1,24,8,10,16,990
Beta_1.4,u_241,524,0,0,1,7,13,15,19,9,955
Beta_1.4,u_242,563,1,0,6,4,17,8,15,24,992
Beta_1.4,u_243,579,4,3,2,5,11,10,13,12,999
Beta_1.4,u_244,559,2,3,2,5,5,10,9,20,1006
Beta_1.4,u_245,529,6,1,3,5,4,4,10,13,1045
Beta_1.4,u_246,511,2,2,5,3,8,5,5,13,1055
Beta_1.4,u_247,478,4,2,3,2,11,3,6,12,1105
Beta_1.4,u_248,480,3,1,2,3,16,7,8,14,1099
Beta_1.4,u_249,508,1,2,2,1,10,13,13,11,1079
Beta_1.4,u_250,495,3,2,0,0,16,6,12,15,1028
Beta_1.4,u_251,513,1,0,0,3,21,13,9,16,973
Beta_1.4,u_252,548,0,0,1,8,14,12,21,11,969
Beta_1.4,u_253,561,1,2,5,4,14,8,12,28,970
Beta_1.4,u_254,572,4,5,1,5,10,10,14,12,1021
Beta_1.4,u_255,562,3,3,2,5,4,9,11,20,995
Beta_1.4,u_256,529,5,2,2,5,4,3,10,15,1034
Beta_1.4,u_257,521,3,1,5,3,9,2,5,14,1055
Beta_1.4,u_258,482,3,3,2,2,11,5,6,11,1098
Beta_1.4,u_259,470,3,1,2,3,15,7,10,13,1089
Beta_1.4,u_260,493,0,2,2,1,10,13,9,16,1071
Beta_1.4,u_261,503,3,2,0,1,20,4,12,16,1018
Beta_1.4,u_262,530,2,0,0,4,20,15,9,14,999
Beta_1.4,u_263,547,0,0,1,7,13,12,21,14,975
Beta_1.4,u_264,561,1,2,4,4,14,9,10,27,985
Beta_1.4,u_265,571,6,1,2,4,10,10,14,13,1013
Beta_1.4,u_266,565,1,4,0,5,6,9,10,17,1002
Beta_1.4,u_267,522,4,2,2,6,3,3,13,17,1049
Beta_1.4,u_268,493,3,2,4,3,10,3,5,17,1071
Beta_1.4,u_269,475,3,3,2,3,12,6,6,11,1089
Beta_1.4,u_270,488,3,1,2,3,16,7,11,12,1101
Beta_1.4,u_271,486,0,3,1,1,10,12,8,16,1082
Beta_1.4,u_272,509,3,2,1,1,19,4,13,12,1038
Beta_1.4,u_273,507,2,0,0,4,19,18,9,11,998
Beta_1.4,u_274,542,0,0,3,5,13,12,20,17,993
Beta_1.4,u_275,556,1,2,4,4,13,10,11,30,956
Beta_1.4,u_276,586,6,1,3,2,11,12,15,14,1009
Beta_1.4,u_277,554,1,3,1,5,6,9,13,17,997
Beta_1.4,u_278,531,4,2,2,6,3,4,10,18,1047
Beta_1.4,u_279,496,4,2,4,2,11,3,3,19,1053
Beta_1.4,u_280,484,4,2,2,3,11,7,5,10,1082
Beta_1.4,u_281,483,4,0,2,3,15,3,14,11,1094
Beta_1.4,u_282,497,0,3,1,2,10,11,8,16,1071
Beta_1.4,u_283,517,3,1,1,1,19,3,11,15,1029
Beta_1.4,u_284,522,2,0,0,7,19,15,11,11,991
Beta_1.4,u_285,532,0,1,2,5,13,14,17,19,994
Beta_1.4,u_286,559,1,5,1,4,14,10,12,31,970
Beta_1.4,u_287,572,6,1,3,3,11,12,14,21,999
Beta_1.4,u_288,549,1,4,1,5,5,11,15,17,993
Beta_1.4,u_289,527,3,2,2,6,3,5,11,17,1058
Beta_1.4,u_290,500,4,2,4,2,10,2,4,20,1056
Beta_1.4,u_291,480,4,3,1,3,10,8,3,13,1080
Beta_1.4,u_292,491,4,0,3,2,15,5,13,10,1077
Beta_1.4,u_293,503,0,3,2,1,10,14,6,11,1083
Beta_1.4,u_294,516,2,2,0,1,19,4,8,18,1022
Beta_1.4,u_295,537,2,0,0,7,19,12,13,10,990
Beta_1.4,u_296,555,0,1,2,5,16,14,16,17,1000
Beta_1.4,u_297,575,1,5,1,4,14,10,13,29,995
Beta_1.4,u_298,578,6,1,4,4,11,9,15,19,985
Beta_1.4,u_299,546,1,4,2,4,5,9,14,18,1004
Beta_1.4,u_300,524,3,2,4,5,5,4,13,15,1024
Beta_1.4,u_301,491,4,2,4,2,10,2,6,18,1066
Beta_1.4,u_302,464,4,3,2,3,10,8,3,14,1087
Beta_1.4,u_303,500,2,1,3,3,15,7,10,12,1080
Beta_1.4,u_304,501,1,2,2,1,10,13,7,11,1077
Beta_1.4,u_305,490,2,2,0,1,20,4,9,20,1021
Beta_1.4,u_306,538,2,0,0,7,18,12,13,8,989
Beta_1.4,u_307,560,0,1,3,4,18,8,20,13,984
Beta_1.4,u_308,556,1,6,0,5,14,9,16,27,986
Beta_1.4,u_309,570,5,1,4,4,10,11,14,14,981
Beta_1.4,u_310,538,1,4,2,4,4,6,12,17,992
Beta_1.4,u_311,512,1,3,3,6,6,4,10,16,1051
Beta_1.4,u_312,501,4,3,3,3,11,2,5,13,1095
Beta_1.4,u_313,482,4,4,1,3,11,7,5,13,1074
Beta_1.4,u_314,496,2,1,3,3,15,5,12,10,1107
Beta_1.4,u_315,502,1,2,2,1,12,11,10,10,1066
Beta_1.4,u_316,516,1,2,0,1,21,6,8,21,1005
Beta_1.4,u_317,532,2,0,1,6,17,13,13,12,987
Beta_1.4,u_318,556,0,1,4,3,18,9,21,11,968
Beta_1.4,u_319,552,1,6,1,3,12,11,15,25,992
Beta_1.4,u_320,574,4,1,4,4,11,12,13,12,996
Beta_1.4,u_321,563,3,2,2,4,4,8,13,14,1003
Beta_1.4,u_322,520,1,4,2,6,7,4,12,14,1063
Beta_1.4,u_323,508,3,4,2,3,10,2,6,10,1098
Beta_1.4,u_324,477,5,3,1,4,12,7,7,12,1070
Beta_1.4,u_325,480,3,0,3,3,13,7,9,14,1090
Beta_1.4,u_326,512,2,1,3,0,11,9,12,9,1066
Beta_1.4,u_327,517,1,2,0,1,18,7,7,21,1021
Beta_1.4,u_328,533,2,0,1,6,16,14,10,13,1005
Beta_1.4,u_329,560,0,1,5,2,15,11,21,13,964
Beta_1.4,u_330,592,2,5,1,3,11,14,16,21,995
Beta_1.4,u_331,575,4,1,3,4,8,14,14,13,988
Beta_1.4,u_332,558,3,1,2,4,4,10,13,14,1000
Beta_1.4,u_333,526,0,4,3,5,7,3,10,16,1058
Beta_1.4,u_334,507,4,4,4,1,10,3,5,12,1097
Beta_1.4,u_335,489,5,3,1,4,12,5,7,9,1107
Beta_1.4,u_336,505,3,1,2,3,14,9,5,15,1093
Beta_1.4,u_337,508,3,1,3,0,13,7,14,10,1080
Beta_1.4,u_338,523,2,2,0,1,19,6,9,21,1029
Beta_1.4,u_339,534,2,0,1,6,15,14,9,14,1013
Beta_1.4,u_340,542,0,1,6,1,15,17,20,12,939
Beta_1.4,u_341,563,2,5,1,3,13,12,15,21,986
Beta_1.4,u_342,564,3,1,3,4,9,15,15,15,985
Beta_1.4,u_343,562,3,1,2,6,5,9,14,14,1016
Beta_1.4,u_344,517,1,4,2,5,8,3,7,18,1051
Beta_1.4,u_345,508,4,3,4,3,11,4,4,11,1107
Beta_1.4,u_346,476,4,2,2,4,13,5,6,13,1111
Beta_1.4,u_347,500,4,1,2,4,11,11,7,13,1099
Beta_1.4,u_348,521,3,1,3,0,13,4,15,9,1088
Beta_1.4,u_349,520,2,2,0,2,20,7,10,20,1029
Beta_1.4,u_350,550,2,0,1,6,16,16,10,14,1018
Beta_1.4,u_351,566,0,2,5,3,16,15,21,15,959
Beta_1.4,u_352,563,2,4,1,3,15,12,13,23,988
Beta_1.4,u_353,597,3,3,1,4,6,15,13,15,981
Beta_1.4,u_354,556,3,1,4,5,5,9,14,12,1007
Beta_1.4,u_355,520,1,4,3,4,10,3,5,21,1075
Beta_1.4,u_356,493,4,4,3,2,10,6,3,13,1105
Beta_1.4,u_357,494,3,2,0,4,14,4,11,11,1111
Beta_1.4,u_358,492,2,2,1,4,10,13,5,17,1106
Beta_1.4,u_359,505,3,1,3,0,12,5,17,10,1074
Beta_1.4,u_360,510,2,3,0,2,22,4,12,16,1025
Beta_1.4,u_361,539,2,0,1,6,14,18,7,13,1024
Beta_1.4,u_362,564,0,2,5,3,17,13,21,14,981
Beta_1.4,u_363,570,3,3,1,3,15,16,12,24,992
Beta_1.4,u_364,585,2,3,1,4,9,14,12,13,990
Beta_1.4,u_365,540,3,1,5,4,4,10,16,13,1012
Beta_1.4,u_366,517,1,4,3,4,12,1,4,21,1081
Beta_1.4,u_367,504,5,3,3,3,10,7,4,11,1094
Beta_1.4,u_368,474,3,2,2,2,15,2,13,12,1112
Beta_1.4,u_369,490,2,3,0,4,11,13,5,15,1094
Beta_1.4,u_370,503,3,2,3,0,14,4,11,13,1072
Beta_1.4,u_371,514,2,3,0,2,21,6,12,13,1019
Beta_1.4,u_372,535,1,0,2,5,16,18,6,15,1005
Beta_1.4,u_373,561,0,2,5,3,18,9,20,17,980
Beta_1.4,u_374,586,3,3,2,3,16,18,6,28,987
Beta_1.4,u_375,585,2,3,1,5,9,17,11,16,996
Beta_1.4,u_376,538,4,0,5,4,4,6,19,14,1033
Beta_1.4,u_377,523,1,4,4,3,12,1,4,18,1100
Beta_1.4,u_378,490,6,2,4,2,8,9,5,8,1115
Beta_1.4,u_379,479,4,3,2,3,15,1,16,9,1125
Beta_1.4,u_380,514,2,3,1,3,10,13,6,16,1098
Beta_1.4,u_381,500,3,2,3,0,14,4,11,13,1048
Beta_1.4,u_382,525,3,2,0,4,21,6,12,10,1031
Beta_1.4,u_383,532,0,0,2,5,18,18,7,14,1029
Beta_1.4,u_384,570,1,1,5,3,20,6,24,18,968
Beta_1.4,u_385,588,3,3,3,2,15,21,7,25,984
Beta_1.4,u_386,577,2,3,1,5,10,14,12,13,1012
Beta_1.4,u_387,535,4,1,4,4,4,4,13,20,1030
Beta_1.4,u_388,516,1,4,4,4,9,2,5,19,1096
Beta_1.4,u_389,496,4,2,4,2,7,8,6,9,1104
Beta_1.4,u_390,486,4,3,2,3,15,1,16,12,1113
Beta_1.4,u_391,519,1,3,1,3,11,13,6,15,1116
Beta_1.4,u_392,511,2,2,2,0,14,6,9,17,1041
Beta_1.4,u_393,531,3,2,0,4,22,7,11,12,1024
Beta_1.4,u_394,540,0,0,2,5,18,21,7,14,1020
Beta_1.4,u_395,561,1,3,3,3,18,5,27,17,978
Beta_1.4,u_396,590,4,2,3,2,16,18,5,24,975
Beta_1.4,u_397,582,0,3,1,5,5,17,13,13,1016
Beta_1.4,u_398,532,3,1,4,5,5,6,11,18,1021
Beta_1.4,u_399,522,1,4,4,4,8,5,6,19,1114
Beta_1.4,u_400,486,4,4,3,2,7,5,9,11,1117
Beta_1.4,u_401,484,5,2,1,3,17,1,11,12,1092
Beta_1.6,u_001,550,2,3,3,4,13,11,23,27,1094
Beta_1.6,u_002,526,5,2,3,6,13,10,8,29,1081
Beta_1.6,u_003,542,4,3,4,5,19,7,18,14,1094
Beta_1.6,u_004,527,5,3,4,7,11,15,11,19,1132
Beta_1.6,u_005,511,2,4,5,4,12,5,14,29,1151
Beta_1.6,u_006,524,5,2,3,5,14,5,12,22,1131
Beta_1.6,u_007,523,1,3,5,3,20,12,14,14,1113
Beta_1.6,u_008,518,4,3,2,6,15,20,15,14,1115
Beta_1.6,u_009,520,3,3,4,3,21,12,18,29,1070
Beta_1.6,u_010,566,6,1,2,4,11,19,17,29,1077
Beta_1.6,u_011,560,2,1,3,5,13,10,25,22,1074
Beta_1.6,u_012,513,3,3,3,5,10,13,8,36,1068
Beta_1.6,u_013,512,3,3,5,5,19,8,11,17,1095
Beta_1.6,u_014,529,5,2,5,7,10,15,13,17,1117
Beta_1.6,u_015,523,1,4,7,2,11,5,8,32,1147
Beta_1.6,u_016,512,5,4,2,5,14,4,13,19,1130
Beta_1.6,u_017,510,2,2,4,4,18,14,13,12,1111
Beta_1.6,u_018,544,5,2,3,6,13,21,12,15,1108
Beta_1.6,u_019,530,3,4,3,2,18,9,18,27,1087
Beta_1.6,u_020,556,5,2,2,4,11,14,14,27,1085
Beta_1.6,u_021,558,2,2,3,5,11,9,27,15,1079
Beta_1.6,u_022,532,3,3,3,5,15,12,10,31,1091
Beta_1.6,u_023,522,3,2,5,5,18,11,10,16,1110
Beta_1.6,u_024,524,5,2,4,8,12,13,12,20,1113
Beta_1.6,u_025,521,1,4,7,2,11,7,9,32,1158
Beta_1.6,u_026,518,5,5,1,5,15,5,16,19,1153
Beta_1.6,u_027,542,2,2,4,4,18,14,14,13,1130
Beta_1.6,u_028,541,4,4,1,7,14,20,14,18,1115
Beta_1.6,u_029,541,4,4,3,2,19,9,22,24,1097
Beta_1.6,u_030,563,4,3,3,4,9,15,16,25,1097
Beta_1.6,u_031,556,1,3,3,5,13,9,21,19,1070
Beta_1.6,u_032,531,3,2,5,5,15,9,11,33,1083
Beta_1.6,u_033,556,4,2,5,4,18,12,11,15,1089
Beta_1.6,u_034,518,4,3,4,8,13,13,13,17,1103
Beta_1.6,u_035,523,1,4,7,1,12,8,10,25,1147
Beta_1.6,u_036,518,5,5,1,5,18,5,13,19,1138
Beta_1.6,u_037,546,2,2,3,5,19,10,16,14,1119
Beta_1.6,u_038,560,4,2,3,6,16,18,10,23,1111
Beta_1.6,u_039,539,4,4,3,2,16,11,21,19,1106
Beta_1.6,u_040,560,4,3,3,4,13,12,15,27,1095
Beta_1.6,u_041,540,3,3,3,5,12,11,26,16,1062
Beta_1.6,u_042,537,4,2,4,6,13,9,16,31,1070
Beta_1.6,u_043,540,4,3,5,3,17,15,8,17,1120
Beta_1.6,u_044,557,3,4,3,8,15,10,16,14,1126
Beta_1.6,u_045,523,1,5,7,2,12,10,8,30,1147
Beta_1.6,u_046,516,5,7,1,5,19,5,18,17,1163
Beta_1.6,u_047,532,5,2,3,5,19,18,12,20,1130
Beta_1.6,u_048,541,4,1,4,5,17,14,15,23,1128
Beta_1.6,u_049,537,4,3,2,4,16,8,25,20,1113
Beta_1.6,u_050,544,3,3,3,4,16,10,15,27,1117
Beta_1.6,u_051,570,3,3,4,6,12,15,23,22,1077
Beta_1.6,u_052,545,5,1,7,6,17,13,14,31,1082
Beta_1.6,u_053,542,7,3,6,2,13,19,8,22,1091
Beta_1.6,u_054,550,3,5,1,9,16,7,20,17,1134
Beta_1.6,u_055,536,1,5,5,4,14,8,10,29,1143
Beta_1.6,u_056,523,5,7,1,5,22,3,19,21,1157
Beta_1.6,u_057,529,5,0,5,4,20,18,11,20,1125
Beta_1.6,u_058,547,3,2,4,5,16,16,17,20,1151
Beta_1.6,u_059,542,4,4,2,3,17,10,24,22,1116
Beta_1.6,u_060,559,3,3,3,3,15,9,18,27,1098
Beta_1.6,u_061,562,3,3,3,6,10,18,18,22,1100
Beta_1.6,u_062,562,6,1,3,6,20,11,17,30,1094
Beta_1.6,u_063,548,3,3,7,2,18,16,7,28,1091
Beta_1.6,u_064,547,3,5,1,8,14,8,22,16,1154
Beta_1.6,u_065,548,3,4,4,5,16,6,14,28,1163
Beta_1.6,u_066,527,4,7,1,4,17,4,16,22,1138
Beta_1.6,u_067,538,7,0,4,5,20,10,12,20,1121
Beta_1.6,u_068,529,3,2,4,5,17,14,17,15,1136
Beta_1.6,u_069,557,2,6,1,5,17,7,23,22,1095
Beta_1.6,u_070,573,4,2,3,4,17,10,20,24,1088
Beta_1.6,u_071,556,3,3,3,4,12,15,16,25,1093
Beta_1.6,u_072,548,5,2,3,6,15,9,25,22,1062
Beta_1.6,u_073,546,2,4,5,2,17,18,5,24,1104
Beta_1.6,u_074,558,2,5,1,6,13,7,21,15,1130
Beta_1.6,u_075,550,2,3,3,7,14,9,12,30,1149
Beta_1.6,u_076,527,5,4,4,4,14,3,18,22,1157
Beta_1.6,u_077,532,7,0,4,5,18,12,11,20,1103
Beta_1.6,u_078,549,2,3,5,4,18,9,19,15,1115
Beta_1.6,u_079,548,2,6,2,4,16,9,18,22,1119
Beta_1.6,u_080,563,4,2,2,5,15,7,19,23,1093
Beta_1.6,u_081,573,3,3,3,4,14,12,15,27,1060
Beta_1.6,u_082,550,5,2,3,6,16,11,24,18,1066
Beta_1.6,u_083,547,2,3,4,3,21,15,10,24,1139
Beta_1.6,u_084,547,3,5,1,5,13,7,25,11,1145
Beta_1.6,u_085,558,2,3,4,7,15,6,11,30,1148
Beta_1.6,u_086,537,5,3,5,3,13,7,18,22,1146
Beta_1.6,u_087,538,7,1,3,5,17,10,10,26,1104
Beta_1.6,u_088,562,0,3,5,5,17,11,18,13,1110
Beta_1.6,u_089,568,4,6,1,3,17,11,16,21,1101
Beta_1.6,u_090,577,5,2,1,7,16,7,23,28,1114
Beta_1.6,u_091,580,3,4,3,4,15,11,18,31,1085
Beta_1.6,u_092,591,6,1,3,6,16,14,22,17,1077
Beta_1.6,u_093,552,1,4,4,3,17,11,12,26,1125
Beta_1.6,u_094,552,3,5,2,6,10,9,18,12,1145
Beta_1.6,u_095,540,3,3,4,7,18,4,10,30,1155
Beta_1.6,u_096,529,6,3,5,3,12,7,21,19,1164
Beta_1.6,u_097,548,8,0,2,6,19,8,9,27,1136
Beta_1.6,u_098,534,0,4,4,6,17,12,15,10,1130
Beta_1.6,u_099,571,5,6,1,3,15,15,16,20,1102
Beta_1.6,u_100,553,6,1,2,7,16,8,17,30,1109
Beta_1.6,u_101,576,2,5,3,3,18,15,12,30,1074
Beta_1.6,u_102,592,5,2,3,5,14,14,26,18,1092
Beta_1.6,u_103,553,1,4,5,3,18,14,13,32,1095
Beta_1.6,u_104,551,3,5,2,7,10,12,16,14,1167
Beta_1.6,u_105,549,4,3,4,7,21,6,10,30,1130
Beta_1.6,u_106,544,6,2,7,1,11,7,18,22,1171
Beta_1.6,u_107,535,5,3,1,7,19,7,8,28,1127
Beta_1.6,u_108,551,0,4,5,6,14,17,11,11,1136
Beta_1.6,u_109,573,5,8,1,3,18,16,15,20,1091
Beta_1.6,u_110,543,6,2,2,7,17,11,16,36,1103
Beta_1.6,u_111,593,2,3,5,2,18,13,11,31,1081
Beta_1.6,u_112,563,5,2,2,5,19,13,24,20,1086
Beta_1.6,u_113,575,2,3,5,3,17,14,15,31,1127
Beta_1.6,u_114,555,3,4,2,6,10,14,19,16,1154
Beta_1.6,u_115,558,6,2,3,7,19,4,15,29,1151
Beta_1.6,u_116,526,3,4,5,1,12,8,14,21,1145
Beta_1.6,u_117,543,4,3,1,8,17,10,9,27,1100
Beta_1.6,u_118,543,1,4,6,5,15,14,15,12,1142
Beta_1.6,u_119,570,6,7,2,3,16,17,12,19,1096
Beta_1.6,u_120,578,4,2,2,6,16,13,17,34,1111
Beta_1.6,u_121,578,2,3,5,2,21,10,14,31,1080
Beta_1.6,u_122,564,6,2,2,4,20,18,18,22,1104
Beta_1.6,u_123,558,1,4,3,4,16,13,16,30,1109
Beta_1.6,u_124,544,3,4,3,6,10,15,16,14,1155
Beta_1.6,u_125,573,7,1,5,5,19,3,14,29,1148
Beta_1.6,u_126,549,3,3,6,0,12,9,14,20,1184
Beta_1.6,u_127,526,3,4,1,7,15,11,9,25,1118
Beta_1.6,u_128,558,3,2,8,4,15,15,17,10,1137
Beta_1.6,u_129,568,5,8,2,2,16,14,15,16,1118
Beta_1.6,u_130,564,5,2,1,7,15,9,19,28,1112
Beta_1.6,u_131,574,1,3,4,3,19,12,14,24,1085
Beta_1.6,u_132,588,5,2,3,3,15,22,21,15,1078
Beta_1.6,u_133,575,1,4,4,4,16,12,13,32,1133
Beta_1.6,u_134,549,2,4,2,6,11,15,15,14,1171
Beta_1.6,u_135,571,5,1,4,5,14,3,18,30,1137
Beta_1.6,u_136,549,3,3,3,3,13,6,15,25,1155
Beta_1.6,u_137,548,2,5,0,8,13,13,8,25,1125
Beta_1.6,u_138,554,3,2,6,5,15,13,17,10,1127
Beta_1.6,u_139,579,6,5,3,2,17,16,12,17,1114
Beta_1.6,u_140,578,5,2,1,7,15,7,27,22,1108
Beta_1.6,u_141,585,3,2,5,4,15,11,18,21,1070
Beta_1.6,u_142,585,4,3,3,3,15,17,20,14,1092
Beta_1.6,u_143,581,2,3,3,3,16,9,15,29,1138
Beta_1.6,u_144,558,1,3,3,5,15,13,11,19,1137
Beta_1.6,u_145,551,5,1,4,4,15,4,17,32,1147
Beta_1.6,u_146,545,3,3,3,3,14,10,15,24,1140
Beta_1.6,u_147,535,3,5,0,6,12,10,9,30,1143
Beta_1.6,u_148,555,4,2,5,5,16,10,21,11,1119
Beta_1.6,u_149,575,3,6,2,3,14,17,11,19,1094
Beta_1.6,u_150,562,6,2,1,5,12,10,21,25,1097
Beta_1.6,u_151,552,2,1,5,3,14,12,17,26,1064
Beta_1.6,u_152,601,4,4,2,3,16,17,18,15,1106
Beta_1.6,u_153,575,2,2,4,4,19,7,14,28,1123
Beta_1.6,u_154,572,3,3,5,5,15,9,13,21,1144
Beta_1.6,u_155,580,3,3,3,5,15,2,15,32,1141
Beta_1.6,u_156,537,2,4,3,3,12,11,12,25,1152
Beta_1.6,u_157,537,4,2,3,6,13,7,8,26,1133
Beta_1.6,u_158,557,4,2,3,6,16,12,14,10,1115
Beta_1.6,u_159,582,2,6,3,3,10,18,15,18,1108
Beta_1.6,u_160,560,7,1,1,6,12,6,23,20,1115
Beta_1.6,u_161,574,2,1,4,3,14,11,12,31,1087
Beta_1.6,u_162,582,3,4,1,5,12,13,18,17,1101
Beta_1.6,u_163,567,3,2,4,3,18,8,9,27,1126
Beta_1.6,u_164,556,3,3,3,4,15,9,12,21,1162
Beta_1.6,u_165,574,4,2,3,4,14,7,13,27,1135
Beta_1.6,u_166,558,2,3,3,4,10,7,14,22,1127
Beta_1.6,u_167,545,3,3,3,5,14,7,11,23,1129
Beta_1.6,u_168,557,6,1,4,6,17,7,14,12,1102
Beta_1.6,u_169,585,2,5,4,2,11,23,15,16,1101
Beta_1.6,u_170,564,7,1,2,5,11,6,27,23,1102
Beta_1.6,u_171,577,2,1,4,3,16,10,13,37,1090
Beta_1.6,u_172,588,3,3,2,4,13,15,22,20,1083
Beta_1.6,u_173,585,3,2,3,5,18,9,14,28,1130
Beta_1.6,u_174,584,3,3,4,3,16,9,10,25,1149
Beta_1.6,u_175,545,5,2,2,5,12,8,14,27,1125
Beta_1.6,u_176,574,2,3,3,3,10,6,12,21,1145
Beta_1.6,u_177,551,3,3,2,5,12,8,11,20,1117
Beta_1.6,u_178,562,4,2,3,7,16,7,13,14,1115
Beta_1.6,u_179,584,2,6,3,2,17,17,15,18,1115
Beta_1.6,u_180,586,8,1,2,5,12,8,24,22,1121
Beta_1.6,u_181,592,2,1,3,4,13,10,16,39,1051
Beta_1.6,u_182,599,3,4,2,3,14,12,18,19,1091
Beta_1.6,u_183,587,3,1,3,5,19,11,13,18,1117
Beta_1.6,u_184,554,4,3,4,3,15,17,7,27,1148
Beta_1.6,u_185,568,5,4,3,4,13,8,14,28,1154
Beta_1.6,u_186,574,3,2,2,4,12,7,12,22,1134
Beta_1.6,u_187,532,3,1,3,3,13,8,12,21,1138
Beta_1.6,u_188,564,2,3,2,8,15,7,15,13,1135
Beta_1.6,u_189,591,2,4,7,2,16,18,15,17,1092
Beta_1.6,u_190,562,10,1,2,5,12,9,22,24,1106
Beta_1.6,u_191,599,2,0,5,4,14,7,14,34,1077
Beta_1.6,u_192,593,3,4,2,2,14,11,21,15,1079
Beta_1.6,u_193,594,3,1,2,6,21,18,11,18,1131
Beta_1.6,u_194,550,2,3,5,3,14,18,16,24,1155
Beta_1.6,u_195,584,4,4,3,3,12,10,13,27,1131
Beta_1.6,u_196,562,4,2,2,4,13,10,13,25,1143
Beta_1.6,u_197,567,3,1,3,3,14,7,11,23,1113
Beta_1.6,u_198,562,2,3,2,10,14,8,12,17,1132
Beta_1.6,u_199,596,3,4,7,2,18,17,14,16,1093
Beta_1.6,u_200,591,9,1,2,5,9,11,22,24,1083
Beta_1.6,u_201,571,2,1,6,3,15,8,13,36,1073
Beta_1.6,u_202,583,4,2,4,2,11,13,20,16,1076
Beta_1.6,u_203,609,5,1,2,5,20,14,10,20,1130
Beta_1.6,u_204,572,2,3,5,3,14,17,17,19,1148
Beta_1.6,u_205,570,4,4,3,3,13,12,19,19,1158
Beta_1.6,u_206,552,5,3,2,4,15,7,13,24,1139
Beta_1.6,u_207,549,2,2,3,2,11,10,9,20,1138
Beta_1.6,u_208,567,3,2,2,10,16,4,12,18,1121
Beta_1.6,u_209,586,2,4,7,3,18,12,11,16,1113
Beta_1.6,u_210,584,5,6,2,5,10,14,16,22,1098
Beta_1.6,u_211,587,2,2,4,4,13,6,15,33,1081
Beta_1.6,u_212,602,3,2,4,2,9,11,16,18,1064
Beta_1.6,u_213,592,5,2,2,3,19,14,12,19,1114
Beta_1.6,u_214,581,1,2,3,6,15,17,14,16,1160
Beta_1.6,u_215,572,4,4,2,3,12,11,21,18,1140
Beta_1.6,u_216,580,5,1,3,3,14,6,14,25,1113
Beta_1.6,u_217,547,1,3,2,3,11,10,10,18,1132
Beta_1.6,u_218,572,2,3,2,9,12,7,9,18,1119
Beta_1.6,u_219,583,2,3,7,4,16,12,12,12,1121
Beta_1.6,u_220,597,3,7,2,4,11,12,17,20,1098
Beta_1.6,u_221,599,2,2,4,5,11,6,14,30,1079
Beta_1.6,u_222,599,3,3,3,2,8,12,15,18,1062
Beta_1.6,u_223,596,4,2,2,2,19,15,11,21,1104
Beta_1.6,u_224,570,1,1,2,6,16,16,12,19,1130
Beta_1.6,u_225,561,3,4,2,3,11,10,21,23,1143
Beta_1.6,u_226,591,5,1,3,3,15,4,13,30,1140
Beta_1.6,u_227,562,1,2,3,3,10,12,11,18,1139
Beta_1.6,u_228,553,1,3,3,8,13,9,8,17,1112
Beta_1.6,u_229,588,2,3,7,4,18,11,13,13,1119
Beta_1.6,u_230,581,4,7,2,4,11,11,23,16,1105
Beta_1.6,u_231,593,3,3,3,5,15,5,17,30,1083
Beta_1.6,u_232,601,3,3,5,2,8,15,15,15,1077
Beta_1.6,u_233,608,3,4,1,3,18,10,19,20,1081
Beta_1.6,u_234,601,2,1,3,6,17,17,12,19,1142
Beta_1.6,u_235,573,3,2,4,3,12,8,21,23,1125
Beta_1.6,u_236,567,4,2,3,2,15,6,13,32,1141
Beta_1.6,u_237,572,1,2,2,2,10,11,12,16,1116
Beta_1.6,u_238,569,0,2,3,8,12,9,14,11,1129
Beta_1.6,u_239,576,3,2,8,4,17,12,13,12,1102
Beta_1.6,u_240,592,5,6,2,4,11,17,15,22,1109
Beta_1.6,u_241,592,7,3,3,5,14,6,14,30,1077
Beta_1.6,u_242,594,2,3,5,2,6,14,15,20,1049
Beta_1.6,u_243,590,3,4,1,2,18,8,17,18,1120
Beta_1.6,u_244,589,2,1,2,5,20,12,13,19,1155
Beta_1.6,u_245,586,2,1,5,3,12,13,22,19,1139
Beta_1.6,u_246,569,3,2,3,2,13,5,15,31,1132
Beta_1.6,u_247,561,1,2,2,3,10,11,11,19,1129
Beta_1.6,u_248,574,2,2,3,7,10,9,15,15,1115
Beta_1.6,u_249,597,2,3,4,7,16,9,16,12,1110
Beta_1.6,u_250,598,4,6,3,4,11,20,16,21,1101
Beta_1.6,u_251,590,8,3,2,5,10,6,16,33,1088
Beta_1.6,u_252,606,2,3,4,3,9,12,13,22,1062
Beta_1.6,u_253,614,3,5,0,3,14,8,17,16,1116
Beta_1.6,u_254,591,4,1,2,5,22,11,13,20,1150
Beta_1.6,u_255,590,1,2,5,3,13,13,21,19,1131
Beta_1.6,u_256,571,4,2,2,2,12,4,16,30,1135
Beta_1.6,u_257,565,0,3,1,4,10,11,8,19,1141
Beta_1.6,u_258,566,2,2,3,4,12,8,13,16,1122
Beta_1.6,u_259,597,3,3,4,8,16,10,14,18,1108
Beta_1.6,u_260,599,5,6,3,4,11,17,18,21,1103
Beta_1.6,u_261,597,8,3,3,5,8,5,19,31,1100
Beta_1.6,u_262,593,3,3,4,2,12,8,12,20,1060
Beta_1.6,u_263,598,3,6,0,3,14,9,19,12,1099
Beta_1.6,u_264,587,4,1,2,4,22,11,17,23,1099
Beta_1.6,u_265,576,2,2,4,3,12,13,21,22,1147
Beta_1.6,u_266,570,2,3,1,3,12,6,16,27,1113
Beta_1.6,u_267,567,1,3,1,3,11,8,9,18,1139
Beta_1.6,u_268,573,2,2,2,5,12,8,13,14,1124
Beta_1.6,u_269,588,2,4,4,8,15,9,16,19,1110
Beta_1.6,u_270,604,5,6,5,4,13,16,22,20,1082
Beta_1.6,u_271,594,7,3,1,6,9,5,25,26,1079
Beta_1.6,u_272,610,3,2,3,4,11,11,10,21,1075
Beta_1.6,u_273,591,3,6,0,4,13,10,16,11,1094
Beta_1.6,u_274,595,4,2,2,4,18,14,17,21,1136
Beta_1.6,u_275,582,2,2,4,3,10,18,19,26,1132
Beta_1.6,u_276,571,2,3,1,2,10,5,19,33,1121
Beta_1.6,u_277,550,1,3,0,3,13,5,9,20,1137
Beta_1.6,u_278,576,2,1,2,6,14,9,15,13,1119
Beta_1.6,u_279,586,2,3,4,10,16,11,13,23,1138
Beta_1.6,u_280,607,4,4,7,2,13,13,18,26,1116
Beta_1.6,u_281,591,8,3,1,5,7,10,19,21,1065
Beta_1.6,u_282,598,3,2,3,4,10,11,8,24,1073
Beta_1.6,u_283,590,3,5,1,3,13,10,16,11,1087
Beta_1.6,u_284,595,5,0,3,5,18,13,18,26,1132
Beta_1.6,u_285,586,2,3,4,1,10,18,22,26,1145
Beta_1.6,u_286,548,3,4,1,2,9,4,18,33,1153
Beta_1.6,u_287,579,2,3,0,3,14,7,7,20,1148
Beta_1.6,u_288,553,2,1,2,6,17,4,16,13,1125
Beta_1.6,u_289,585,2,3,3,11,16,11,15,18,1122
Beta_1.6,u_290,602,5,3,9,1,11,14,15,26,1080
Beta_1.6,u_291,604,8,3,1,5,8,10,23,20,1070
Beta_1.6,u_292,591,3,1,4,4,13,7,7,30,1065
Beta_1.6,u_293,600,3,4,2,3,13,7,18,13,1077
Beta_1.6,u_294,619,6,0,2,7,19,12,13,28,1127
Beta_1.6,u_295,578,2,3,3,2,10,17,20,23,1159
Beta_1.6,u_296,572,4,4,1,2,9,6,18,31,1127
Beta_1.6,u_297,579,3,2,1,3,14,6,9,18,1134
Beta_1.6,u_298,578,3,0,2,6,15,8,11,10,1136
Beta_1.6,u_299,573,2,2,4,11,18,12,16,21,1115
Beta_1.6,u_300,602,5,3,9,1,11,18,13,25,1093
Beta_1.6,u_301,584,6,5,1,4,7,12,19,25,1078
Beta_1.6,u_302,586,3,1,3,6,12,11,5,34,1059
Beta_1.6,u_303,586,3,2,4,1,13,8,17,13,1072
Beta_1.6,u_304,606,6,0,2,5,22,12,10,29,1121
Beta_1.6,u_305,595,2,2,2,4,8,17,17,21,1166
Beta_1.6,u_306,575,3,4,0,3,8,7,21,27,1131
Beta_1.6,u_307,572,3,1,2,2,15,4,8,19,1122
Beta_1.6,u_308,566,3,0,2,5,12,8,13,9,1140
Beta_1.6,u_309,578,2,2,5,11,20,9,12,21,1129
Beta_1.6,u_310,592,5,4,8,2,13,15,14,21,1104
Beta_1.6,u_311,605,5,7,1,3,7,13,17,26,1076
Beta_1.6,u_312,593,2,1,3,6,13,8,9,29,1082
Beta_1.6,u_313,613,3,2,4,1,14,7,18,11,1076
Beta_1.6,u_314,595,5,1,1,6,20,15,11,25,1112
Beta_1.6,u_315,591,0,5,2,4,8,21,15,24,1165
Beta_1.6,u_316,566,5,4,0,3,7,6,23,27,1116
Beta_1.6,u_317,591,4,1,2,2,15,3,8,21,1151
Beta_1.6,u_318,573,3,0,2,4,9,11,12,11,1136
Beta_1.6,u_319,590,2,1,6,9,16,10,12,17,1147
Beta_1.6,u_320,616,3,5,10,2,14,11,23,16,1124
Beta_1.6,u_321,614,5,8,1,3,8,13,15,27,1075
Beta_1.6,u_322,611,4,1,3,6,15,9,8,28,1085
Beta_1.6,u_323,594,2,3,4,1,16,9,19,9,1088
Beta_1.6,u_324,616,4,2,1,4,22,13,12,23,1109
Beta_1.6,u_325,586,0,2,4,3,9,21,17,21,1172
Beta_1.6,u_326,583,4,3,1,3,9,6,24,27,1102
Beta_1.6,u_327,594,4,1,3,2,16,4,9,23,1154
Beta_1.6,u_328,587,3,1,2,5,9,11,11,13,1135
Beta_1.6,u_329,576,1,2,5,9,14,10,18,12,1132
Beta_1.6,u_330,633,3,4,9,3,12,12,21,15,1112
Beta_1.6,u_331,608,3,9,1,3,7,14,18,23,1091
Beta_1.6,u_332,616,5,1,3,6,15,8,10,23,1087
Beta_1.6,u_333,597,2,2,6,1,14,10,15,14,1065
Beta_1.6,u_334,600,4,2,1,3,19,14,10,21,1122
Beta_1.6,u_335,608,0,1,2,4,12,16,22,20,1163
Beta_1.6,u_336,562,1,4,1,3,11,5,25,30,1117
Beta_1.6,u_337,593,4,0,4,2,15,6,10,26,1170
Beta_1.6,u_338,576,2,2,2,4,11,11,11,12,1139
Beta_1.6,u_339,579,1,2,5,8,11,9,20,15,1136
Beta_1.6,u_340,600,4,3,8,4,12,13,17,19,1140
Beta_1.6,u_341,606,3,8,1,4,7,15,18,27,1103
Beta_1.6,u_342,617,6,1,3,6,13,7,11,24,1094
Beta_1.6,u_343,602,2,2,6,1,11,8,17,17,1063
Beta_1.6,u_344,590,5,2,1,2,16,12,12,20,1120
Beta_1.6,u_345,599,1,2,2,4,15,13,21,19,1153
Beta_1.6,u_346,579,1,3,3,3,9,6,20,31,1131
Beta_1.6,u_347,572,4,0,5,2,15,5,9,27,1173
Beta_1.6,u_348,584,2,3,2,4,13,11,8,13,1147
Beta_1.6,u_349,589,2,2,4,6,14,9,18,18,1128
Beta_1.6,u_350,610,3,4,6,4,12,11,19,20,1123
Beta_1.6,u_351,608,2,8,2,4,9,12,18,27,1068
Beta_1.6,u_352,610,7,1,2,6,13,6,13,23,1106
Beta_1.6,u_353,593,2,2,5,3,13,7,16,18,1058
Beta_1.6,u_354,605,6,4,2,2,14,12,11,21,1126
Beta_1.6,u_355,601,4,2,3,4,11,11,22,19,1169
Beta_1.6,u_356,583,3,3,3,3,9,6,18,33,1136
Beta_1.6,u_357,593,5,1,3,1,14,5,6,26,1164
Beta_1.6,u_358,576,2,2,1,5,15,9,8,18,1137
Beta_1.6,u_359,595,1,2,4,6,16,7,17,17,1149
Beta_1.6,u_360,584,3,3,5,5,11,10,19,23,1119
Beta_1.6,u_361,618,2,6,3,3,9,12,20,27,1074
Beta_1.6,u_362,610,7,0,2,6,12,5,13,26,1088
Beta_1.6,u_363,594,1,3,4,6,13,6,14,18,1064
Beta_1.6,u_364,601,5,5,2,2,14,12,11,22,1138
Beta_1.6,u_365,598,3,2,1,5,13,9,14,21,1167
Beta_1.6,u_366,569,2,2,4,3,6,9,19,28,1143
Beta_1.6,u_367,585,5,1,4,1,14,4,8,26,1125
Beta_1.6,u_368,573,2,3,0,5,14,12,8,19,1167
Beta_1.6,u_369,581,3,2,3,5,17,5,20,18,1127
Beta_1.6,u_370,595,3,2,5,5,12,12,17,24,1118
Beta_1.6,u_371,616,1,5,4,2,11,9,21,28,1085
Beta_1.6,u_372,607,6,2,2,6,11,8,15,21,1064
Beta_1.6,u_373,598,1,2,6,4,12,6,17,18,1085
Beta_1.6,u_374,596,3,7,2,1,14,13,10,21,1110
Beta_1.6,u_375,604,4,2,0,6,12,10,14,18,1172
Beta_1.6,u_376,586,2,2,4,3,8,11,18,26,1124
Beta_1.6,u_377,568,4,2,3,1,14,4,8,28,1155
Beta_1.6,u_378,602,0,5,0,5,15,11,6,17,1163
Beta_1.6,u_379,570,4,1,4,5,15,7,18,18,1155
Beta_1.6,u_380,596,3,2,5,4,13,16,13,22,1127
Beta_1.6,u_381,626,4,4,4,2,11,12,22,28,1074
Beta_1.6,u_382,609,6,2,2,7,15,8,18,18,1094
Beta_1.6,u_383,614,1,2,7,4,11,7,16,17,1087
Beta_1.6,u_384,610,3,7,2,1,15,9,8,23,1099
Beta_1.6,u_385,604,4,2,0,6,12,6,13,19,1190
Beta_1.6,u_386,563,2,1,5,3,8,13,15,27,1139
Beta_1.6,u_387,580,4,3,2,2,16,2,15,24,1175
Beta_1.6,u_388,603,1,3,1,5,13,9,8,16,1141
Beta_1.6,u_389,574,2,0,4,6,14,8,16,21,1167
Beta_1.6,u_390,614,3,2,4,5,15,18,12,25,1146
Beta_1.6,u_391,605,4,3,4,2,11,13,23,25,1067
Beta_1.6,u_392,603,5,2,2,9,17,11,15,20,1093
Beta_1.6,u_393,607,2,3,9,3,12,7,16,22,1111
Beta_1.6,u_394,605,4,6,3,1,13,14,6,24,1107
Beta_1.6,u_395,635,6,2,0,6,16,10,11,19,1179
Beta_1.6,u_396,570,1,0,5,3,8,11,14,28,1147
Beta_1.6,u_397,578,2,4,3,1,19,3,19,21,1182
Beta_1.6,u_398,587,1,4,1,3,14,6,13,17,1171
Beta_1.6,u_399,588,3,0,3,7,14,8,15,25,1158
Beta_1.6,u_400,606,3,2,4,5,14,16,14,23,1153
Beta_1.6,u_401,616,6,3,3,3,10,15,21,24,1082
Beta_4.2,u_001,387,247,75,48,14,32,81,270,873,485
Beta_4.2,u_002,399,289,80,25,12,17,84,264,963,391
Beta_4.2,u_003,414,300,63,26,14,37,101,304,782,436
Beta_4.2,u_004,390,305,63,36,8,19,118,234,791,403
Beta_4.2,u_005,382,303,83,34,9,14,114,250,829,392
Beta_4.2,u_006,382,309,82,35,11,16,87,313,855,396
Beta_4.2,u_007,395,246,74,31,7,33,85,248,807,425
Beta_4.2,u_008,379,285,71,40,9,28,100,264,802,442
Beta_4.2,u_009,374,290,80,36,10,27,102,252,895,395
Beta_4.2,u_010,412,263,65,38,9,24,105,260,768,405
Beta_4.2,u_011,416,273,73,34,9,19,112,234,790,433
Beta_4.2,u_012,396,273,85,43,11,28,103,244,773,431
Beta_4.2,u_013,389,277,68,28,13,20,109,287,720,422
Beta_4.2,u_014,430,253,71,45,6,44,118,228,720,439
Beta_4.2,u_015,412,273,73,39,13,27,106,221,813,421
Beta_4.2,u_016,410,282,67,39,18,35,97,223,781,477
Beta_4.2,u_017,432,261,61,42,13,17,115,185,795,473
Beta_4.2,u_018,432,273,75,35,7,40,106,242,839,402
Beta_4.2,u_019,430,265,79,39,14,32,100,225,808,437
Beta_4.2,u_020,374,331,69,28,13,21,111,246,792,410
Beta_4.2,u_021,369,285,65,37,18,24,75,221,746,489
Beta_4.2,u_022,382,296,78,34,10,20,99,226,855,452
Beta_4.2,u_023,414,266,62,37,7,25,81,279,868,382
Beta_4.2,u_024,434,282,68,26,10,28,89,312,815,378
Beta_4.2,u_025,414,257,71,34,11,14,115,236,775,444
Beta_4.2,u_026,373,298,61,35,10,24,73,253,841,385
Beta_4.2,u_027,396,310,80,40,4,27,82,283,786,454
Beta_4.2,u_028,374,339,74,24,7,21,101,287,790,368
Beta_4.2,u_029,402,302,62,28,7,35,93,236,846,375
Beta_4.2,u_030,388,281,87,42,4,23,106,308,823,429
Beta_4.2,u_031,349,321,67,35,16,18,89,279,775,469
Beta_4.2,u_032,370,303,78,40,14,29,81,256,893,418
Beta_4.2,u_033,412,283,68,28,8,27,99,269,864,378
Beta_4.2,u_034,426,262,63,37,2,32,82,272,763,403
Beta_4.2,u_035,390,299,78,39,12,21,114,244,809,470
Beta_4.2,u_036,359,314,60,24,12,13,91,274,843,448
Beta_4.2,u_037,414,245,60,39,10,33,94,253,840,434
Beta_4.2,u_038,425,260,64,32,7,16,119,260,851,409
Beta_4.2,u_039,404,304,66,39,20,38,75,276,777,441
Beta_4.2,u_040,358,284,83,34,7,25,85,226,806,487
Beta_4.2,u_041,393,273,58,40,14,26,78,212,845,423
Beta_4.2,u_042,435,259,72,37,12,26,110,248,846,373
Beta_4.2,u_043,424,297,64,28,12,39,109,281,796,376
Beta_4.2,u_044,386,300,55,37,6,26,74,253,767,431
Beta_4.2,u_045,384,290,76,39,9,16,71,281,872,445
Beta_4.2,u_046,391,268,65,38,10,29,80,265,910,401
Beta_4.2,u_047,407,276,62,36,7,16,102,242,851,339
Beta_4.2,u_048,378,284,66,41,12,16,100,303,784,372
Beta_4.2,u_049,383,280,72,45,13,19,113,251,760,418
Beta_4.2,u_050,379,278,82,31,12,22,89,261,817,408
Beta_4.2,u_051,388,293,48,42,13,22,99,229,827,397
Beta_4.2,u_052,418,258,63,36,8,40,112,261,771,440
Beta_4.2,u_053,372,313,77,33,7,25,97,239,814,447
Beta_4.2,u_054,374,298,72,38,11,14,83,250,761,474
Beta_4.2,u_055,399,275,66,39,17,25,112,259,812,465
Beta_4.2,u_056,427,258,61,34,10,33,101,271,828,402
Beta_4.2,u_057,407,267,56,30,7,29,115,290,770,430
Beta_4.2,u_058,362,320,61,33,13,20,90,255,785,443
Beta_4.2,u_059,379,285,81,33,17,25,85,248,790,512
Beta_4.2,u_060,384,276,68,37,8,28,112,214,887,426
Beta_4.2,u_061,403,275,68,41,15,28,100,269,908,418
Beta_4.2,u_062,424,286,66,28,10,30,125,257,767,471
Beta_4.2,u_063,403,297,74,41,9,31,125,275,755,436
Beta_4.2,u_064,397,306,70,28,3,25,107,274,823,399
Beta_4.2,u_065,389,310,77,45,12,38,93,256,822,482
Beta_4.2,u_066,380,316,85,41,15,22,93,251,817,460
Beta_4.2,u_067,428,267,64,37,12,42,92,253,800,419
Beta_4.2,u_068,398,314,69,22,13,34,117,285,821,362
Beta_4.2,u_069,399,309,78,32,7,21,89,284,792,427
Beta_4.2,u_070,367,287,79,34,16,13,108,225,784,471
Beta_4.2,u_071,409,264,72,37,8,16,89,261,862,419
Beta_4.2,u_072,425,260,66,25,14,41,96,298,818,400
Beta_4.2,u_073,401,305,73,36,10,25,116,263,795,394
Beta_4.2,u_074,382,299,59,45,13,14,105,231,729,496
Beta_4.2,u_075,382,287,77,53,11,21,89,235,836,415
Beta_4.2,u_076,423,262,83,22,9,36,94,253,863,390
Beta_4.2,u_077,411,290,57,28,12,21,86,300,827,396
Beta_4.2,u_078,386,288,70,39,8,14,105,271,760,497
Beta_4.2,u_079,376,300,67,39,6,19,97,282,833,427
Beta_4.2,u_080,414,270,58,30,13,31,97,245,792,451
Beta_4.2,u_081,417,270,63,35,9,23,111,263,827,389
Beta_4.2,u_082,402,291,78,29,15,10,120,265,794,406
Beta_4.2,u_083,364,285,84,33,6,27,88,247,808,463
Beta_4.2,u_084,406,288,90,37,7,33,91,237,807,432
Beta_4.2,u_085,414,285,66,34,10,24,102,233,828,417
Beta_4.2,u_086,401,272,64,34,12,20,91,250,830,442
Beta_4.2,u_087,378,306,62,34,10,21,90,245,838,428
Beta_4.2,u_088,383,288,46,43,7,21,80,299,760,454
Beta_4.2,u_089,409,256,65,26,15,22,107,274,825,373
Beta_4.2,u_090,420,298,58,20,4,42,103,292,806,378
Beta_4.2,u_091,391,297,71,43,8,23,84,244,795,484
Beta_4.2,u_092,363,283,85,41,8,8,91,188,881,464
Beta_4.2,u_093,401,265,70,42,9,28,78,238,877,421
Beta_4.2,u_094,422,234,90,37,7,35,87,271,885,388
Beta_4.2,u_095,420,263,74,29,11,21,117,273,779,421
Beta_4.2,u_096,410,325,50,35,9,21,113,263,787,466
Beta_4.2,u_097,382,291,71,37,14,18,96,244,828,487
Beta_4.2,u_098,404,252,76,41,9,28,91,234,805,487
Beta_4.2,u_099,388,295,69,27,5,28,86,238,925,418
Beta_4.2,u_100,410,269,58,40,11,31,86,275,766,463
Beta_4.2,u_101,382,296,88,36,8,18,113,280,784,413
Beta_4.2,u_102,397,293,67,25,7,20,97,232,837,376
Beta_4.2,u_103,388,278,60,47,9,26,82,229,816,427
Beta_4.2,u_104,349,326,67,31,17,17,76,241,860,443
Beta_4.2,u_105,382,278,78,28,11,21,79,251,862,423
Beta_4.2,u_106,433,277,60,33,2,30,104,278,862,346
Beta_4.2,u_107,435,275,60,27,9,20,116,292,791,368
Beta_4.2,u_108,409,295,72,45,10,30,87,298,743,477
Beta_4.2,u_109,358,320,72,36,8,17,91,209,881,442
Beta_4.2,u_110,393,278,67,24,11,27,82,249,856,427
Beta_4.2,u_111,425,301,67,36,9,21,113,267,828,432
Beta_4.2,u_112,391,305,70,34,8,23,121,268,763,394
Beta_4.2,u_113,380,318,64,34,5,27,73,283,846,409
Beta_4.2,u_114,404,285,73,49,12,29,101,231,826,452
Beta_4.2,u_115,367,314,70,30,6,20,77,275,827,363
Beta_4.2,u_116,394,315,62,44,11,33,95,235,893,411
Beta_4.2,u_117,342,340,53,26,9,16,96,256,844,379
Beta_4.2,u_118,409,263,70,38,12,24,96,261,805,400
Beta_4.2,u_119,412,257,67,27,10,17,123,296,842,340
Beta_4.2,u_120,420,269,60,33,8,38,91,281,776,448
Beta_4.2,u_121,396,285,67,42,10,31,120,305,726,448
Beta_4.2,u_122,366,312,69,28,6,21,103,272,833,420
Beta_4.2,u_123,403,264,75,31,12,21,88,237,824,466
Beta_4.2,u_124,408,272,77,39,11,21,114,241,852,407
Beta_4.2,u_125,404,277,82,25,10,30,129,245,776,414
Beta_4.2,u_126,414,274,62,38,12,40,89,292,783,440
Beta_4.2,u_127,401,268,72,45,8,30,83,234,834,467
Beta_4.2,u_128,395,284,65,32,9,32,91,250,789,476
Beta_4.2,u_129,398,271,86,40,12,35,104,253,810,456
Beta_4.2,u_130,415,304,58,25,9,34,106,281,803,372
Beta_4.2,u_131,420,278,44,40,12,30,102,274,774,437
Beta_4.2,u_132,388,286,67,36,16,14,108,277,825,459
Beta_4.2,u_133,374,284,71,59,9,24,81,250,875,473
Beta_4.2,u_134,398,277,74,38,10,21,95,246,867,456
Beta_4.2,u_135,415,296,59,32,10,33,114,280,797,367
Beta_4.2,u_136,419,313,66,27,16,34,103,297,769,384
Beta_4.2,u_137,366,330,73,33,13,23,73,280,816,415
Beta_4.2,u_138,373,289,65,44,14,30,89,225,841,479
Beta_4.2,u_139,400,270,77,35,8,28,96,251,878,396
Beta_4.2,u_140,428,296,59,26,4,46,107,263,798,363
Beta_4.2,u_141,401,301,70,40,9,28,91,310,786,399
Beta_4.2,u_142,358,307,69,23,15,17,112,294,769,447
Beta_4.2,u_143,374,282,67,29,3,32,106,266,848,400
Beta_4.2,u_144,376,294,72,42,11,31,73,259,875,437
Beta_4.2,u_145,399,319,63,35,12,19,92,263,834,457
Beta_4.2,u_146,418,268,80,40,7,27,96,274,799,404
Beta_4.2,u_147,406,271,67,37,6,20,129,270,796,392
Beta_4.2,u_148,372,295,63,43,6,22,99,259,780,402
Beta_4.2,u_149,388,282,66,41,13,22,117,238,775,475
Beta_4.2,u_150,396,287,63,44,5,25,100,231,827,421
Beta_4.2,u_151,386,304,70,49,8,36,87,249,803,429
Beta_4.2,u_152,404,279,78,45,11,26,103,251,763,468
Beta_4.2,u_153,414,296,70,35,6,32,105,244,780,434
Beta_4.2,u_154,413,280,66,45,12,25,92,222,800,424
Beta_4.2,u_155,398,280,67,41,16,25,94,280,774,461
Beta_4.2,u_156,413,268,70,31,4,28,100,274,787,444
Beta_4.2,u_157,413,259,61,35,13,34,98,259,809,435
Beta_4.2,u_158,399,312,66,37,13,26,104,268,799,436
Beta_4.2,u_159,385,301,80,35,14,27,74,289,835,412
Beta_4.2,u_160,378,289,84,37,14,29,78,233,843,435
Beta_4.2,u_161,395,293,82,42,2,21,99,206,894,396
Beta_4.2,u_162,396,288,67,33,4,21,99,273,819,371
Beta_4.2,u_163,369,308,70,30,15,17,89,291,794,414
Beta_4.2,u_164,392,315,55,37,6,16,112,254,823,382
Beta_4.2,u_165,378,274,70,32,10,19,86,266,799,431
Beta_4.2,u_166,390,287,85,36,8,20,92,237,837,432
Beta_4.2,u_167,416,276,59,31,7,33,111,267,761,404
Beta_4.2,u_168,410,290,54,35,8,20,105,285,806,385
Beta_4.2,u_169,404,277,61,35,12,15,111,237,824,428
Beta_4.2,u_170,399,292,67,39,7,31,90,252,799,428
Beta_4.2,u_171,389,311,70,49,6,26,91,242,844,407
Beta_4.2,u_172,371,310,58,28,11,19,85,264,847,431
Beta_4.2,u_173,405,295,63,50,7,22,99,256,850,402
Beta_4.2,u_174,416,285,64,34,2,38,92,263,841,369
Beta_4.2,u_175,408,273,66,37,6,27,96,259,857,392
Beta_4.2,u_176,357,327,46,42,19,17,77,290,788,496
Beta_4.2,u_177,365,279,74,34,14,10,100,255,809,466
Beta_4.2,u_178,433,241,69,34,5,38,96,265,847,395
Beta_4.2,u_179,428,271,51,36,8,25,108,258,793,385
Beta_4.2,u_180,392,281,68,43,8,23,101,282,758,431
Beta_4.2,u_181,389,291,71,36,10,19,96,210,774,463
Beta_4.2,u_182,405,274,63,51,11,33,85,222,827,465
Beta_4.2,u_183,411,278,88,42,15,28,104,244,860,458
Beta_4.2,u_184,411,268,70,39,8,22,101,277,859,443
Beta_4.2,u_185,412,282,51,32,10,29,108,272,772,418
Beta_4.2,u_186,411,284,64,34,10,21,90,275,803,469
Beta_4.2,u_187,390,306,63,41,13,30,90,241,866,490
Beta_4.2,u_188,392,283,73,31,11,20,77,247,863,426
Beta_4.2,u_189,375,282,70,40,9,23,64,270,755,436
Beta_4.2,u_190,395,289,71,31,3,16,111,258,902,386
Beta_4.2,u_191,426,274,49,31,4,29,114,266,809,344
Beta_4.2,u_192,418,273,61,33,12,25,94,277,772,412
Beta_4.2,u_193,406,292,62,29,5,14,99,255,799,461
Beta_4.2,u_194,382,274,63,44,8,28,71,254,834,448
Beta_4.2,u_195,363,314,51,33,4,29,65,276,828,405
Beta_4.2,u_196,420,264,95,33,13,29,80,286,772,444
Beta_4.2,u_197,392,292,65,31,9,17,89,269,819,398
Beta_4.2,u_198,402,281,55,40,8,25,125,228,872,414
Beta_4.2,u_199,425,303,72,27,7,13,133,250,888,360
Beta_4.2,u_200,374,320,70,39,10,18,90,266,845,443
Beta_4.2,u_201,374,308,73,48,7,22,96,211,855,492
Beta_4.2,u_202,383,282,68,23,8,22,98,248,916,380
Beta_4.2,u_203,414,272,59,30,5,28,92,314,844,360
Beta_4.2,u_204,424,267,65,32,9,27,104,347,674,426
Beta_4.2,u_205,377,338,58,43,12,18,96,238,763,502
Beta_4.2,u_206,356,295,80,32,9,28,122,186,810,434
Beta_4.2,u_207,415,282,69,36,8,32,103,226,907,408
Beta_4.2,u_208,418,277,69,42,11,21,94,256,800,452
Beta_4.2,u_209,410,284,57,39,8,24,117,219,777,428
Beta_4.2,u_210,423,258,72,30,13,25,114,249,759,420
Beta_4.2,u_211,423,306,75,34,7,35,122,246,780,439
Beta_4.2,u_212,400,283,74,41,10,28,73,260,779,502
Beta_4.2,u_213,354,308,69,36,18,22,93,186,825,534
Beta_4.2,u_214,426,271,76,40,8,37,91,205,978,433
Beta_4.2,u_215,447,272,66,23,5,28,100,269,884,370
Beta_4.2,u_216,435,309,58,35,13,26,124,275,789,358
Beta_4.2,u_217,409,297,73,31,15,23,103,293,706,394
Beta_4.2,u_218,363,336,65,42,6,22,101,234,770,470
Beta_4.2,u_219,358,310,57,34,10,27,58,226,880,418
Beta_4.2,u_220,390,277,82,41,12,28,87,216,850,456
Beta_4.2,u_221,419,261,83,35,8,21,87,271,825,407
Beta_4.2,u_222,423,293,62,28,12,30,105,285,766,394
Beta_4.2,u_223,424,287,56,38,17,34,111,255,702,439
Beta_4.2,u_224,376,295,76,40,13,23,100,249,770,432
Beta_4.2,u_225,390,291,79,37,12,30,78,252,843,488
Beta_4.2,u_226,363,277,81,43,10,24,67,252,859,483
Beta_4.2,u_227,414,267,66,34,10,25,91,247,840,413
Beta_4.2,u_228,443,275,66,37,6,39,125,265,829,393
Beta_4.2,u_229,396,284,70,40,14,16,108,307,802,406
Beta_4.2,u_230,393,294,75,34,11,25,111,244,802,500
Beta_4.2,u_231,383,294,72,40,10,12,80,243,862,446
Beta_4.2,u_232,410,286,69,33,9,40,83,219,874,464
Beta_4.2,u_233,415,293,62,35,8,31,91,281,891,358
Beta_4.2,u_234,409,285,72,19,17,38,86,265,822,409
Beta_4.2,u_235,371,293,72,48,13,16,88,274,811,457
Beta_4.2,u_236,397,296,55,27,9,25,87,298,808,425
Beta_4.2,u_237,432,253,63,33,9,40,95,275,838,391
Beta_4.2,u_238,409,279,71,33,7,26,112,257,879,392
Beta_4.2,u_239,372,292,60,43,13,20,87,257,762,501
Beta_4.2,u_240,373,288,54,49,8,24,78,251,904,428
Beta_4.2,u_241,423,275,61,25,6,37,95,272,794,401
Beta_4.2,u_242,422,286,59,37,6,37,106,256,751,412
Beta_4.2,u_243,416,280,63,36,13,20,109,264,864,397
Beta_4.2,u_244,389,283,71,34,10,27,88,243,802,466
Beta_4.2,u_245,380,290,61,39,9,23,84,253,846,431
Beta_4.2,u_246,402,294,71,43,12,31,96,212,818,456
Beta_4.2,u_247,398,288,66,25,8,25,109,250,850,387
Beta_4.2,u_248,413,284,64,35,9,21,86,273,827,390
Beta_4.2,u_249,385,311,65,37,11,19,106,278,804,422
Beta_4.2,u_250,383,279,62,38,9,34,72,267,830,454
Beta_4.2,u_251,376,284,64,35,10,29,87,243,843,431
Beta_4.2,u_252,402,294,64,26,10,20,89,262,838,404
Beta_4.2,u_253,450,257,75,24,10,34,118,295,840,361
Beta_4.2,u_254,418,297,63,37,9,13,107,304,708,393
Beta_4.2,u_255,385,329,55,37,16,26,107,246,758,439
Beta_4.2,u_256,385,271,53,41,6,19,87,232,829,409
Beta_4.2,u_257,378,272,60,31,9,24,84,246,850,427
Beta_4.2,u_258,406,270,77,32,2,33,98,206,858,411
Beta_4.2,u_259,399,264,59,41,8,22,89,243,782,406
Beta_4.2,u_260,423,251,70,37,11,29,117,253,777,448
Beta_4.2,u_261,435,285,54,37,12,31,103,260,821,432
Beta_4.2,u_262,381,284,57,36,10,20,90,193,782,508
Beta_4.2,u_263,370,280,82,47,12,20,89,219,857,493
Beta_4.2,u_264,421,264,72,29,9,39,83,244,867,403
Beta_4.2,u_265,460,239,48,29,6,30,113,309,820,335
Beta_4.2,u_266,437,281,53,26,7,35,126,279,777,364
Beta_4.2,u_267,358,328,67,58,12,16,91,275,729,543
Beta_4.2,u_268,338,310,76,58,10,17,69,229,922,496
Beta_4.2,u_269,394,292,60,31,13,21,83,247,955,399
Beta_4.2,u_270,443,281,81,24,4,29,110,290,846,348
Beta_4.2,u_271,426,309,50,25,12,18,116,314,787,368
Beta_4.2,u_272,389,273,79,38,7,23,119,298,723,400
Beta_4.2,u_273,358,282,74,42,10,17,83,271,842,432
Beta_4.2,u_274,358,318,65,36,11,27,63,263,816,465
Beta_4.2,u_275,407,280,61,36,6,29,85,247,848,423
Beta_4.2,u_276,415,277,61,35,11,24,108,237,866,432
Beta_4.2,u_277,427,282,54,29,9,40,108,292,832,328
Beta_4.2,u_278,426,266,52,54,13,25,114,304,753,423
Beta_4.2,u_279,363,308,58,31,14,16,82,271,814,449
Beta_4.2,u_280,375,303,71,39,7,24,70,259,793,481
Beta_4.2,u_281,387,288,61,26,5,21,88,264,865,413
Beta_4.2,u_282,403,284,56,27,12,27,96,253,857,382
Beta_4.2,u_283,413,282,74,37,14,22,108,273,712,391
Beta_4.2,u_284,391,285,57,26,11,24,106,252,830,369
Beta_4.2,u_285,401,258,70,46,19,21,72,267,781,443
Beta_4.2,u_286,376,298,64,25,13,22,100,235,822,460
Beta_4.2,u_287,406,276,68,24,11,40,94,246,853,392
Beta_4.2,u_288,380,287,67,33,7,23,110,256,843,391
Beta_4.2,u_289,380,288,78,31,9,19,83,246,837,473
Beta_4.2,u_290,426,264,76,33,12,37,97,246,809,418
Beta_4.2,u_291,423,278,58,31,4,24,109,272,847,340
Beta_4.2,u_292,399,267,53,30,17,20,100,296,800,406
Beta_4.2,u_293,397,293,59,30,11,17,99,285,765,450
Beta_4.2,u_294,410,285,52,39,18,32,105,211,795,494
Beta_4.2,u_295,412,294,81,30,17,30,91,291,834,445
Beta_4.2,u_296,421,313,70,36,11,42,125,265,779,424
Beta_4.2,u_297,439,279,78,35,4,35,105,240,781,368
Beta_4.2,u_298,416,294,62,31,7,34,103,250,783,508
Beta_4.2,u_299,374,287,75,41,5,23,103,230,855,472
Beta_4.2,u_300,392,286,72,38,10,17,91,279,854,441
Beta_4.2,u_301,410,292,53,38,9,24,105,238,767,450
Beta_4.2,u_302,418,277,74,38,5,33,81,247,811,411
Beta_4.2,u_303,407,290,79,31,13,22,89,266,842,426
Beta_4.2,u_304,396,271,79,31,13,20,98,265,809,428
Beta_4.2,u_305,373,294,57,40,5,15,93,243,789,441
Beta_4.2,u_306,398,273,78,42,8,26,101,241,776,446
Beta_4.2,u_307,433,282,75,37,5,32,106,258,889,379
Beta_4.2,u_308,409,266,58,27,9,23,82,295,832,416
Beta_4.2,u_309,416,273,65,36,15,28,93,272,770,457
Beta_4.2,u_310,375,296,70,29,13,19,92,251,785,421
Beta_4.2,u_311,426,268,64,42,8,35,101,252,836,427
Beta_4.2,u_312,418,280,72,32,9,29,93,263,808,399
Beta_4.2,u_313,388,298,71,36,12,28,99,250,781,470
Beta_4.2,u_314,357,300,65,28,15,26,83,238,750,469
Beta_4.2,u_315,387,291,68,37,7,31,81,264,861,434
Beta_4.2,u_316,395,270,72,34,10,24,103,264,745,429
Beta_4.2,u_317,406,289,63,30,10,14,99,256,740,450
Beta_4.2,u_318,382,317,75,33,11,21,86,232,759,440
Beta_4.2,u_319,398,286,65,38,3,24,105,280,789,367
Beta_4.2,u_320,397,275,63,42,9,31,93,266,750,409
Beta_4.2,u_321,372,299,70,42,10,18,108,264,781,454
Beta_4.2,u_322,392,270,52,40,14,24,89,266,777,416
Beta_4.2,u_323,399,277,83,34,13,17,110,239,800,404
Beta_4.2,u_324,381,319,65,31,7,21,95,231,779,452
Beta_4.2,u_325,396,291,73,45,7,36,82,236,818,416
Beta_4.2,u_326,387,313,74,34,9,21,102,247,818,467
Beta_4.2,u_327,436,278,76,20,8,27,99,232,845,398
Beta_4.2,u_328,417,263,59,29,8,27,103,252,861,428
Beta_4.2,u_329,389,297,70,44,11,23,108,272,771,484
Beta_4.2,u_330,391,284,63,46,10,14,87,218,803,474
Beta_4.2,u_331,404,272,66,43,10,26,106,188,899,425
Beta_4.2,u_332,434,269,63,34,7,35,88,249,918,377
Beta_4.2,u_333,418,279,51,34,10,31,112,313,764,410
Beta_4.2,u_334,395,292,65,43,10,25,101,259,800,433
Beta_4.2,u_335,403,276,65,36,8,23,110,255,794,485
Beta_4.2,u_336,400,264,54,36,14,19,104,279,830,442
Beta_4.2,u_337,394,302,74,43,8,24,95,280,878,435
Beta_4.2,u_338,420,274,75,39,8,39,94,237,819,498
Beta_4.2,u_339,385,305,74,29,13,27,75,263,827,477
Beta_4.2,u_340,413,285,83,35,8,42,106,252,841,395
Beta_4.2,u_341,448,277,70,27,6,28,93,254,818,413
Beta_4.2,u_342,423,287,63,44,11,25,99,245,852,441
Beta_4.2,u_343,390,292,69,33,6,22,92,247,754,464
Beta_4.2,u_344,410,277,65,39,9,22,90,221,878,387
Beta_4.2,u_345,432,263,66,32,6,36,110,275,767,415
Beta_4.2,u_346,404,301,60,27,4,28,100,244,813,372
Beta_4.2,u_347,381,299,66,52,9,15,94,248,744,464
Beta_4.2,u_348,394,304,66,31,9,25,78,230,868,429
Beta_4.2,u_349,416,260,68,42,8,38,74,249,869,394
Beta_4.2,u_350,434,276,77,36,8,26,119,263,820,379
Beta_4.2,u_351,400,280,61,33,9,21,116,261,783,384
Beta_4.2,u_352,396,304,71,29,7,20,100,251,747,454
Beta_4.2,u_353,376,274,62,47,9,24,104,224,802,468
Beta_4.2,u_354,409,280,85,37,14,25,110,246,781,489
Beta_4.2,u_355,402,275,87,40,7,33,97,234,796,454
Beta_4.2,u_356,418,294,62,39,16,29,103,224,749,474
Beta_4.2,u_357,421,294,52,42,10,21,106,257,776,433
Beta_4.2,u_358,438,296,72,42,7,35,100,240,774,453
Beta_4.2,u_359,420,274,61,51,13,25,83,270,808,477
Beta_4.2,u_360,388,292,70,38,13,27,78,269,843,470
Beta_4.2,u_361,420,276,61,34,10,28,109,273,858,404
Beta_4.2,u_362,423,282,77,24,12,24,104,273,788,383
Beta_4.2,u_363,394,301,63,38,11,14,107,258,833,402
Beta_4.2,u_364,378,310,70,40,13,21,96,275,799,438
Beta_4.2,u_365,384,259,79,38,9,25,89,270,825,442
Beta_4.2,u_366,421,259,72,31,6,30,97,264,837,387
Beta_4.2,u_367,399,286,52,33,11,19,105,246,828,409
Beta_4.2,u_368,395,296,74,34,10,20,88,250,779,426
Beta_4.2,u_369,399,267,60,41,12,20,81,241,814,424
Beta_4.2,u_370,404,256,68,29,10,22,103,270,786,412
Beta_4.2,u_371,407,286,66,33,7,26,85,252,800,380
Beta_4.2,u_372,404,268,59,28,9,22,102,234,741,424
Beta_4.2,u_373,391,277,65,55,1,22,103,204,849,456
Beta_4.2,u_374,373,302,70,37,10,20,88,220,939,426
Beta_4.2,u_375,412,255,74,34,14,31,85,252,850,438
Beta_4.2,u_376,427,293,71,27,7,34,92,232,812,409
Beta_4.2,u_377,393,278,73,29,15,21,89,274,812,381
Beta_4.2,u_378,398,270,68,34,6,24,99,293,818,396
Beta_4.2,u_379,396,271,56,32,11,30,101,237,812,393
Beta_4.2,u_380,375,313,68,40,7,31,77,244,842,381
Beta_4.2,u_381,375,305,70,36,15,24,75,230,822,461
Beta_4.2,u_382,397,284,73,32,11,22,78,253,815,396
Beta_4.2,u_383,418,257,63,32,7,37,92,248,851,352
Beta_4.2,u_384,421,282,43,25,8,10,97,320,779,322
Beta_4.2,u_385,397,269,71,36,8,21,97,256,753,445
Beta_4.2,u_386,360,303,68,52,5,14,75,236,809,427
Beta_4.2,u_387,373,307,68,33,8,25,95,218,848,485
Beta_4.2,u_388,416,276,83,32,5,29,110,248,828,437
Beta_4.2,u_389,454,223,65,37,9,29,105,273,765,418
Beta_4.2,u_390,428,289,62,37,11,23,121,294,776,395
Beta_4.2,u_391,438,247,56,28,13,23,105,254,787,446
Beta_4.2,u_392,380,301,62,47,14,23,65,231,812,523
Beta_4.2,u_393,355,316,80,51,14,16,82,215,954,482
Beta_4.2,u_394,389,308,73,38,10,32,93,252,853,389
Beta_4.2,u_395,438,273,74,25,6,29,115,273,834,359
Beta_4.2,u_396,421,278,63,36,13,21,118,268,787,363
Beta_4.2,u_397,415,309,73,27,9,21,114,259,818,411
Beta_4.2,u_398,379,293,65,42,17,11,105,239,800,516
Beta_4.2,u_399,386,280,83,40,13,24,95,233,852,490
Beta_4.2,u_400,388,314,72,36,8,25,80,234,897,394
Beta_4.2,u_401,405,253,71,32,9,30,100,281,779,404
